{
    "logs": [
        {
            "outputFile": "C:\\Users\\MAHABHARAT\\Desktop\\Android\\WALLPAPER\\app\\build\\intermediates\\incremental\\mergeDebugResources\\merged.dir\\values-v21\\values-v21.xml",
            "map": [
                {
                    "source": "C:\\Users\\MAHABHARAT\\Desktop\\Android\\WALLPAPER\\app\\src\\main\\res\\values-v21\\styles.xml",
                    "from": {
                        "startLines": "2",
                        "startColumns": "4",
                        "startOffsets": "19",
                        "endLines": "6",
                        "endColumns": "12",
                        "endOffsets": "246"
                    },
                    "to": {
                        "startLines": "6",
                        "startColumns": "4",
                        "startOffsets": "354",
                        "endLines": "10",
                        "endColumns": "12",
                        "endOffsets": "577"
                    }
                },
                {
                    "source": "C:\\Users\\MAHABHARAT\\.gradle\\caches\\transforms-1\\files-1.1\\support-media-compat-26.1.0.aar\\9ea6e36ef62cba6c22aa1e50dab8eca6\\res\\values-v21\\values-v21.xml",
                    "from": {
                        "startLines": "2,5,8,11",
                        "startColumns": "4,4,4,4",
                        "startOffsets": "55,223,386,554",
                        "endLines": "4,7,10,13",
                        "endColumns": "12,12,12,12",
                        "endOffsets": "218,381,549,716"
                    },
                    "to": {
                        "startLines": "270,273,277,281",
                        "startColumns": "4,4,4,4",
                        "startOffsets": "19732,19900,20189,20485",
                        "endLines": "272,275,279,283",
                        "endColumns": "12,12,12,12",
                        "endOffsets": "19895,20058,20352,20647"
                    }
                },
                {
                    "source": "C:\\Users\\MAHABHARAT\\.gradle\\caches\\transforms-1\\files-1.1\\design-28.0.0.aar\\73ca9c722d15973ee56fb033749e9056\\res\\values-v21\\values-v21.xml",
                    "from": {
                        "startLines": "2,10,18,26",
                        "startColumns": "4,4,4,4",
                        "startOffsets": "55,484,910,1333",
                        "endLines": "9,17,25,33",
                        "endColumns": "10,10,10,10",
                        "endOffsets": "479,905,1328,1763"
                    },
                    "to": {
                        "startLines": "284,292,300,308",
                        "startColumns": "4,4,4,4",
                        "startOffsets": "20652,21081,21507,21930",
                        "endLines": "291,299,307,315",
                        "endColumns": "10,10,10,10",
                        "endOffsets": "21076,21502,21925,22360"
                    }
                },
                {
                    "source": "C:\\Users\\MAHABHARAT\\.gradle\\caches\\transforms-1\\files-1.1\\support-compat-28.0.0.aar\\7201e804f5bc9b087427a4d6a2a3ea38\\res\\values-v21\\values-v21.xml",
                    "from": {
                        "startLines": "2,3,4,5,6,7,8,9,10,13",
                        "startColumns": "4,4,4,4,4,4,4,4,4,4",
                        "startOffsets": "55,159,223,290,354,470,596,722,850,1022",
                        "endLines": "2,3,4,5,6,7,8,9,12,17",
                        "endColumns": "103,63,66,63,115,125,125,127,12,12",
                        "endOffsets": "154,218,285,349,465,591,717,845,1017,1355"
                    },
                    "to": {
                        "startLines": "2,3,4,5,268,269,276,280,316,319",
                        "startColumns": "4,4,4,4,4,4,4,4,4,4",
                        "startOffsets": "55,159,223,290,19490,19606,20063,20357,22365,22537",
                        "endLines": "2,3,4,5,268,269,276,280,318,323",
                        "endColumns": "103,63,66,63,115,125,125,127,12,12",
                        "endOffsets": "154,218,285,349,19601,19727,20184,20480,22532,22870"
                    }
                },
                {
                    "source": "C:\\Users\\MAHABHARAT\\.gradle\\caches\\transforms-1\\files-1.1\\appcompat-v7-28.0.0.aar\\7cdc28d946ccd9c5d3ffd01dad291cea\\res\\values-v21\\values-v21.xml",
                    "from": {
                        "startLines": "2,3,4,5,6,7,8,9,10,11,12,13,14,15,17,19,20,21,22,24,26,27,28,29,30,32,34,36,38,40,42,43,48,50,52,53,54,56,58,59,60,61,62,63,107,110,154,157,160,162,164,166,169,171,174,175,176,179,180,181,182,183,184,187,188,190,192,194,196,200,202,203,204,205,207,211,213,215,216,217,218,219,221,222,223,233,234,235,247",
                        "startColumns": "4,4,4,4,4,4,4,4,4,4,4,4,4,4,4,4,4,4,4,4,4,4,4,4,4,4,4,4,4,4,4,4,4,4,4,4,4,4,4,4,4,4,4,4,4,4,4,4,4,4,4,4,4,4,4,4,4,4,4,4,4,4,4,4,4,4,4,4,4,4,4,4,4,4,4,4,4,4,4,4,4,4,4,4,4,4,4,4,4",
                        "startOffsets": "55,146,249,352,457,564,673,782,891,1000,1109,1216,1319,1438,1593,1748,1853,1974,2075,2222,2363,2466,2585,2692,2795,2950,3121,3270,3435,3592,3743,3862,4234,4383,4532,4644,4791,4944,5091,5166,5255,5342,5443,5546,8614,8799,11879,12076,12275,12398,12521,12634,12817,12948,13149,13238,13349,13582,13683,13778,13901,14030,14147,14324,14423,14558,14701,14836,14955,15156,15275,15368,15479,15535,15642,15837,15948,16081,16176,16267,16358,16475,16614,16685,16768,17448,17505,17563,18257",
                        "endLines": "2,3,4,5,6,7,8,9,10,11,12,13,14,16,18,19,20,21,23,25,26,27,28,29,31,33,35,37,39,41,42,47,49,51,52,53,55,57,58,59,60,61,62,106,109,153,156,159,161,163,165,168,170,173,174,175,178,179,180,181,182,183,186,187,189,191,193,195,199,201,202,203,204,206,210,212,214,215,216,217,218,220,221,222,232,233,234,246,258",
                        "endColumns": "90,102,102,104,106,108,108,108,108,108,106,102,118,12,12,104,120,100,12,12,102,118,106,102,12,12,12,12,12,12,118,12,12,12,111,146,12,12,74,88,86,100,102,12,12,12,12,12,12,12,12,12,12,12,88,110,12,100,94,122,128,116,12,98,12,12,12,12,12,12,92,110,55,12,12,12,12,94,90,90,116,12,70,82,12,56,57,12,12",
                        "endOffsets": "141,244,347,452,559,668,777,886,995,1104,1211,1314,1433,1588,1743,1848,1969,2070,2217,2358,2461,2580,2687,2790,2945,3116,3265,3430,3587,3738,3857,4229,4378,4527,4639,4786,4939,5086,5161,5250,5337,5438,5541,8609,8794,11874,12071,12270,12393,12516,12629,12812,12943,13144,13233,13344,13577,13678,13773,13896,14025,14142,14319,14418,14553,14696,14831,14950,15151,15270,15363,15474,15530,15637,15832,15943,16076,16171,16262,16353,16470,16609,16680,16763,17443,17500,17558,18252,18958"
                    },
                    "to": {
                        "startLines": "11,12,13,14,15,16,17,18,19,20,21,22,23,24,26,28,29,30,31,33,35,36,37,38,39,41,43,45,47,49,51,52,57,59,61,62,63,65,67,68,69,70,71,72,116,119,163,166,169,171,173,175,178,180,183,184,185,188,189,190,191,192,193,196,197,199,201,203,205,209,211,212,213,214,216,220,222,224,225,226,227,228,230,231,232,242,243,244,256",
                        "startColumns": "4,4,4,4,4,4,4,4,4,4,4,4,4,4,4,4,4,4,4,4,4,4,4,4,4,4,4,4,4,4,4,4,4,4,4,4,4,4,4,4,4,4,4,4,4,4,4,4,4,4,4,4,4,4,4,4,4,4,4,4,4,4,4,4,4,4,4,4,4,4,4,4,4,4,4,4,4,4,4,4,4,4,4,4,4,4,4,4,4",
                        "startOffsets": "582,673,776,879,984,1091,1200,1309,1418,1527,1636,1743,1846,1965,2120,2275,2380,2501,2602,2749,2890,2993,3112,3219,3322,3477,3648,3797,3962,4119,4270,4389,4761,4910,5059,5171,5318,5471,5618,5693,5782,5869,5970,6073,9141,9326,12406,12603,12802,12925,13048,13161,13344,13475,13676,13765,13876,14109,14210,14305,14428,14557,14674,14851,14950,15085,15228,15363,15482,15683,15802,15895,16006,16062,16169,16364,16475,16608,16703,16794,16885,17002,17141,17212,17295,17975,18032,18090,18784",
                        "endLines": "11,12,13,14,15,16,17,18,19,20,21,22,23,25,27,28,29,30,32,34,35,36,37,38,40,42,44,46,48,50,51,56,58,60,61,62,64,66,67,68,69,70,71,115,118,162,165,168,170,172,174,177,179,182,183,184,187,188,189,190,191,192,195,196,198,200,202,204,208,210,211,212,213,215,219,221,223,224,225,226,227,229,230,231,241,242,243,255,267",
                        "endColumns": "90,102,102,104,106,108,108,108,108,108,106,102,118,12,12,104,120,100,12,12,102,118,106,102,12,12,12,12,12,12,118,12,12,12,111,146,12,12,74,88,86,100,102,12,12,12,12,12,12,12,12,12,12,12,88,110,12,100,94,122,128,116,12,98,12,12,12,12,12,12,92,110,55,12,12,12,12,94,90,90,116,12,70,82,12,56,57,12,12",
                        "endOffsets": "668,771,874,979,1086,1195,1304,1413,1522,1631,1738,1841,1960,2115,2270,2375,2496,2597,2744,2885,2988,3107,3214,3317,3472,3643,3792,3957,4114,4265,4384,4756,4905,5054,5166,5313,5466,5613,5688,5777,5864,5965,6068,9136,9321,12401,12598,12797,12920,13043,13156,13339,13470,13671,13760,13871,14104,14205,14300,14423,14552,14669,14846,14945,15080,15223,15358,15477,15678,15797,15890,16001,16057,16164,16359,16470,16603,16698,16789,16880,16997,17136,17207,17290,17970,18027,18085,18779,19485"
                    }
                }
            ]
        }
    ]
}