{
    "logs": [
        {
            "outputFile": "C:\\Users\\MAHABHARAT\\Desktop\\Android\\WALLPAPER\\app\\build\\intermediates\\incremental\\mergeDebugResources\\merged.dir\\values-lt\\values-lt.xml",
            "map": [
                {
                    "source": "C:\\Users\\MAHABHARAT\\.gradle\\caches\\transforms-1\\files-1.1\\appcompat-v7-28.0.0.aar\\7cdc28d946ccd9c5d3ffd01dad291cea\\res\\values-lt\\values-lt.xml",
                    "from": {
                        "startLines": "2,3,4,5,6,7,8,9,10,11,12,13,14,15,16,17,18,19,20,21,22,23,24,25,26,27,28,29",
                        "startColumns": "4,4,4,4,4,4,4,4,4,4,4,4,4,4,4,4,4,4,4,4,4,4,4,4,4,4,4,4",
                        "startOffsets": "105,221,322,435,522,631,752,834,915,1009,1105,1203,1299,1403,1499,1597,1700,1794,1888,1973,2082,2191,2291,2401,2505,2618,2794,2895",
                        "endColumns": "115,100,112,86,108,120,81,80,93,95,97,95,103,95,97,102,93,93,84,108,108,99,109,103,112,175,100,82",
                        "endOffsets": "216,317,430,517,626,747,829,910,1004,1100,1198,1294,1398,1494,1592,1695,1789,1883,1968,2077,2186,2286,2396,2500,2613,2789,2890,2973"
                    },
                    "to": {
                        "startLines": "2,3,4,5,6,7,8,9,10,11,12,13,14,15,16,17,18,19,20,21,22,23,24,25,26,27,28,37",
                        "startColumns": "4,4,4,4,4,4,4,4,4,4,4,4,4,4,4,4,4,4,4,4,4,4,4,4,4,4,4,4",
                        "startOffsets": "105,221,322,435,522,631,752,834,915,1009,1105,1203,1299,1403,1499,1597,1700,1794,1888,1973,2082,2191,2291,2401,2505,2618,2794,3721",
                        "endColumns": "115,100,112,86,108,120,81,80,93,95,97,95,103,95,97,102,93,93,84,108,108,99,109,103,112,175,100,82",
                        "endOffsets": "216,317,430,517,626,747,829,910,1004,1100,1198,1294,1398,1494,1592,1695,1789,1883,1968,2077,2186,2286,2396,2500,2613,2789,2890,3799"
                    }
                },
                {
                    "source": "C:\\Users\\MAHABHARAT\\.gradle\\caches\\transforms-1\\files-1.1\\support-compat-28.0.0.aar\\7201e804f5bc9b087427a4d6a2a3ea38\\res\\values-lt\\values-lt.xml",
                    "from": {
                        "startLines": "2",
                        "startColumns": "4",
                        "startOffsets": "55",
                        "endColumns": "100",
                        "endOffsets": "151"
                    },
                    "to": {
                        "startLines": "38",
                        "startColumns": "4",
                        "startOffsets": "3804",
                        "endColumns": "100",
                        "endOffsets": "3900"
                    }
                },
                {
                    "source": "C:\\Users\\MAHABHARAT\\.gradle\\caches\\transforms-1\\files-1.1\\play-services-ads-17.1.1.aar\\70954981208680dc04572d6e68790c4f\\res\\values-lt\\values.xml",
                    "from": {
                        "startLines": "4,5,6,7,8,9,10",
                        "startColumns": "0,0,0,0,0,0,0",
                        "startOffsets": "197,270,383,448,513,597,699",
                        "endColumns": "72,112,64,64,83,101,77",
                        "endOffsets": "269,382,447,512,596,698,776"
                    },
                    "to": {
                        "startLines": "30,31,32,33,34,35,36",
                        "startColumns": "4,4,4,4,4,4,4",
                        "startOffsets": "3113,3190,3307,3376,3445,3533,3639",
                        "endColumns": "76,116,68,68,87,105,81",
                        "endOffsets": "3185,3302,3371,3440,3528,3634,3716"
                    }
                },
                {
                    "source": "C:\\Users\\MAHABHARAT\\.gradle\\caches\\transforms-1\\files-1.1\\play-services-basement-16.0.1.aar\\35ca32aae7eaf67f291ffc9a1ff1eb67\\res\\values-lt\\values.xml",
                    "from": {
                        "startLines": "4",
                        "startColumns": "0",
                        "startOffsets": "247",
                        "endColumns": "217",
                        "endOffsets": "464"
                    },
                    "to": {
                        "startLines": "29",
                        "startColumns": "4",
                        "startOffsets": "2895",
                        "endColumns": "217",
                        "endOffsets": "3108"
                    }
                }
            ]
        }
    ]
}