{
    "logs": [
        {
            "outputFile": "C:\\Users\\MAHABHARAT\\Desktop\\Android\\WALLPAPER\\app\\build\\intermediates\\incremental\\mergeDebugResources\\merged.dir\\values-mn\\values-mn.xml",
            "map": [
                {
                    "source": "C:\\Users\\MAHABHARAT\\.gradle\\caches\\transforms-1\\files-1.1\\support-compat-28.0.0.aar\\7201e804f5bc9b087427a4d6a2a3ea38\\res\\values-mn\\values-mn.xml",
                    "from": {
                        "startLines": "2",
                        "startColumns": "4",
                        "startOffsets": "55",
                        "endColumns": "100",
                        "endOffsets": "151"
                    },
                    "to": {
                        "startLines": "38",
                        "startColumns": "4",
                        "startOffsets": "3682",
                        "endColumns": "100",
                        "endOffsets": "3778"
                    }
                },
                {
                    "source": "C:\\Users\\MAHABHARAT\\.gradle\\caches\\transforms-1\\files-1.1\\play-services-basement-16.0.1.aar\\35ca32aae7eaf67f291ffc9a1ff1eb67\\res\\values-mn\\values.xml",
                    "from": {
                        "startLines": "4",
                        "startColumns": "0",
                        "startOffsets": "247",
                        "endColumns": "208",
                        "endOffsets": "455"
                    },
                    "to": {
                        "startLines": "29",
                        "startColumns": "4",
                        "startOffsets": "2795",
                        "endColumns": "208",
                        "endOffsets": "2999"
                    }
                },
                {
                    "source": "C:\\Users\\MAHABHARAT\\.gradle\\caches\\transforms-1\\files-1.1\\appcompat-v7-28.0.0.aar\\7cdc28d946ccd9c5d3ffd01dad291cea\\res\\values-mn\\values-mn.xml",
                    "from": {
                        "startLines": "2,3,4,5,6,7,8,9,10,11,12,13,14,15,16,17,18,19,20,21,22,23,24,25,26,27,28,29",
                        "startColumns": "4,4,4,4,4,4,4,4,4,4,4,4,4,4,4,4,4,4,4,4,4,4,4,4,4,4,4,4",
                        "startOffsets": "105,218,318,431,518,624,736,818,900,991,1084,1180,1276,1374,1467,1562,1654,1745,1835,1917,2026,2130,2227,2335,2436,2539,2698,2795",
                        "endColumns": "112,99,112,86,105,111,81,81,90,92,95,95,97,92,94,91,90,89,81,108,103,96,107,100,102,158,96,80",
                        "endOffsets": "213,313,426,513,619,731,813,895,986,1079,1175,1271,1369,1462,1557,1649,1740,1830,1912,2021,2125,2222,2330,2431,2534,2693,2790,2871"
                    },
                    "to": {
                        "startLines": "2,3,4,5,6,7,8,9,10,11,12,13,14,15,16,17,18,19,20,21,22,23,24,25,26,27,28,37",
                        "startColumns": "4,4,4,4,4,4,4,4,4,4,4,4,4,4,4,4,4,4,4,4,4,4,4,4,4,4,4,4",
                        "startOffsets": "105,218,318,431,518,624,736,818,900,991,1084,1180,1276,1374,1467,1562,1654,1745,1835,1917,2026,2130,2227,2335,2436,2539,2698,3601",
                        "endColumns": "112,99,112,86,105,111,81,81,90,92,95,95,97,92,94,91,90,89,81,108,103,96,107,100,102,158,96,80",
                        "endOffsets": "213,313,426,513,619,731,813,895,986,1079,1175,1271,1369,1462,1557,1649,1740,1830,1912,2021,2125,2222,2330,2431,2534,2693,2790,3677"
                    }
                },
                {
                    "source": "C:\\Users\\MAHABHARAT\\.gradle\\caches\\transforms-1\\files-1.1\\play-services-ads-17.1.1.aar\\70954981208680dc04572d6e68790c4f\\res\\values-mn\\values.xml",
                    "from": {
                        "startLines": "4,5,6,7,8,9,10",
                        "startColumns": "0,0,0,0,0,0,0",
                        "startOffsets": "197,268,377,444,511,594,700",
                        "endColumns": "70,108,66,66,82,105,65",
                        "endOffsets": "267,376,443,510,593,699,765"
                    },
                    "to": {
                        "startLines": "30,31,32,33,34,35,36",
                        "startColumns": "4,4,4,4,4,4,4",
                        "startOffsets": "3004,3079,3192,3263,3334,3421,3531",
                        "endColumns": "74,112,70,70,86,109,69",
                        "endOffsets": "3074,3187,3258,3329,3416,3526,3596"
                    }
                }
            ]
        }
    ]
}