{
    "logs": [
        {
            "outputFile": "C:\\Users\\MAHABHARAT\\Desktop\\Android\\WALLPAPER\\app\\build\\intermediates\\incremental\\mergeDebugResources\\merged.dir\\values-zh-rHK\\values-zh-rHK.xml",
            "map": [
                {
                    "source": "C:\\Users\\MAHABHARAT\\.gradle\\caches\\transforms-1\\files-1.1\\play-services-ads-17.1.1.aar\\70954981208680dc04572d6e68790c4f\\res\\values-zh-rHK\\values.xml",
                    "from": {
                        "startLines": "4,5,6,7,8,9,10",
                        "startColumns": "0,0,0,0,0,0,0",
                        "startOffsets": "201,262,335,395,455,519,589",
                        "endColumns": "60,72,59,59,63,69,61",
                        "endOffsets": "261,334,394,454,518,588,650"
                    },
                    "to": {
                        "startLines": "30,31,32,33,34,35,36",
                        "startColumns": "4,4,4,4,4,4,4",
                        "startOffsets": "2835,2900,2977,3041,3105,3173,3247",
                        "endColumns": "64,76,63,63,67,73,65",
                        "endOffsets": "2895,2972,3036,3100,3168,3242,3308"
                    }
                },
                {
                    "source": "C:\\Users\\MAHABHARAT\\.gradle\\caches\\transforms-1\\files-1.1\\support-compat-28.0.0.aar\\7201e804f5bc9b087427a4d6a2a3ea38\\res\\values-zh-rHK\\values-zh-rHK.xml",
                    "from": {
                        "startLines": "2",
                        "startColumns": "4",
                        "startOffsets": "55",
                        "endColumns": "100",
                        "endOffsets": "151"
                    },
                    "to": {
                        "startLines": "38",
                        "startColumns": "4",
                        "startOffsets": "3391",
                        "endColumns": "100",
                        "endOffsets": "3487"
                    }
                },
                {
                    "source": "C:\\Users\\MAHABHARAT\\.gradle\\caches\\transforms-1\\files-1.1\\appcompat-v7-28.0.0.aar\\7cdc28d946ccd9c5d3ffd01dad291cea\\res\\values-zh-rHK\\values-zh-rHK.xml",
                    "from": {
                        "startLines": "2,3,4,5,6,7,8,9,10,11,12,13,14,15,16,17,18,19,20,21,22,23,24,25,26,27,28,29",
                        "startColumns": "4,4,4,4,4,4,4,4,4,4,4,4,4,4,4,4,4,4,4,4,4,4,4,4,4,4,4,4",
                        "startOffsets": "105,200,293,393,475,572,680,756,832,924,1018,1110,1206,1302,1396,1492,1584,1676,1768,1846,1942,2038,2133,2230,2325,2423,2574,2668",
                        "endColumns": "94,92,99,81,96,107,75,75,91,93,91,95,95,93,95,91,91,91,77,95,95,94,96,94,97,150,93,77",
                        "endOffsets": "195,288,388,470,567,675,751,827,919,1013,1105,1201,1297,1391,1487,1579,1671,1763,1841,1937,2033,2128,2225,2320,2418,2569,2663,2741"
                    },
                    "to": {
                        "startLines": "2,3,4,5,6,7,8,9,10,11,12,13,14,15,16,17,18,19,20,21,22,23,24,25,26,27,28,37",
                        "startColumns": "4,4,4,4,4,4,4,4,4,4,4,4,4,4,4,4,4,4,4,4,4,4,4,4,4,4,4,4",
                        "startOffsets": "105,200,293,393,475,572,680,756,832,924,1018,1110,1206,1302,1396,1492,1584,1676,1768,1846,1942,2038,2133,2230,2325,2423,2574,3313",
                        "endColumns": "94,92,99,81,96,107,75,75,91,93,91,95,95,93,95,91,91,91,77,95,95,94,96,94,97,150,93,77",
                        "endOffsets": "195,288,388,470,567,675,751,827,919,1013,1105,1201,1297,1391,1487,1579,1671,1763,1841,1937,2033,2128,2225,2320,2418,2569,2663,3386"
                    }
                },
                {
                    "source": "C:\\Users\\MAHABHARAT\\.gradle\\caches\\transforms-1\\files-1.1\\play-services-basement-16.0.1.aar\\35ca32aae7eaf67f291ffc9a1ff1eb67\\res\\values-zh-rHK\\values.xml",
                    "from": {
                        "startLines": "4",
                        "startColumns": "0",
                        "startOffsets": "251",
                        "endColumns": "166",
                        "endOffsets": "417"
                    },
                    "to": {
                        "startLines": "29",
                        "startColumns": "4",
                        "startOffsets": "2668",
                        "endColumns": "166",
                        "endOffsets": "2830"
                    }
                }
            ]
        }
    ]
}