{
    "logs": [
        {
            "outputFile": "C:\\Users\\MAHABHARAT\\Desktop\\Android\\WALLPAPER\\app\\build\\intermediates\\incremental\\mergeDebugResources\\merged.dir\\values-cs\\values-cs.xml",
            "map": [
                {
                    "source": "C:\\Users\\MAHABHARAT\\.gradle\\caches\\transforms-1\\files-1.1\\support-compat-28.0.0.aar\\7201e804f5bc9b087427a4d6a2a3ea38\\res\\values-cs\\values-cs.xml",
                    "from": {
                        "startLines": "2",
                        "startColumns": "4",
                        "startOffsets": "55",
                        "endColumns": "100",
                        "endOffsets": "151"
                    },
                    "to": {
                        "startLines": "38",
                        "startColumns": "4",
                        "startOffsets": "3705",
                        "endColumns": "100",
                        "endOffsets": "3801"
                    }
                },
                {
                    "source": "C:\\Users\\MAHABHARAT\\.gradle\\caches\\transforms-1\\files-1.1\\play-services-ads-17.1.1.aar\\70954981208680dc04572d6e68790c4f\\res\\values-cs\\values.xml",
                    "from": {
                        "startLines": "4,5,6,7,8,9,10",
                        "startColumns": "0,0,0,0,0,0,0",
                        "startOffsets": "197,269,381,447,514,600,707",
                        "endColumns": "71,111,65,66,85,106,73",
                        "endOffsets": "268,380,446,513,599,706,780"
                    },
                    "to": {
                        "startLines": "30,31,32,33,34,35,36",
                        "startColumns": "4,4,4,4,4,4,4",
                        "startOffsets": "3011,3087,3203,3273,3344,3434,3545",
                        "endColumns": "75,115,69,70,89,110,77",
                        "endOffsets": "3082,3198,3268,3339,3429,3540,3618"
                    }
                },
                {
                    "source": "C:\\Users\\MAHABHARAT\\.gradle\\caches\\transforms-1\\files-1.1\\appcompat-v7-28.0.0.aar\\7cdc28d946ccd9c5d3ffd01dad291cea\\res\\values-cs\\values-cs.xml",
                    "from": {
                        "startLines": "2,3,4,5,6,7,8,9,10,11,12,13,14,15,16,17,18,19,20,21,22,23,24,25,26,27,28,29",
                        "startColumns": "4,4,4,4,4,4,4,4,4,4,4,4,4,4,4,4,4,4,4,4,4,4,4,4,4,4,4,4",
                        "startOffsets": "105,212,314,423,509,614,731,812,893,984,1077,1173,1267,1362,1455,1550,1647,1738,1829,1913,2017,2126,2225,2331,2441,2548,2711,2809",
                        "endColumns": "106,101,108,85,104,116,80,80,90,92,95,93,94,92,94,96,90,90,83,103,108,98,105,109,106,162,97,81",
                        "endOffsets": "207,309,418,504,609,726,807,888,979,1072,1168,1262,1357,1450,1545,1642,1733,1824,1908,2012,2121,2220,2326,2436,2543,2706,2804,2886"
                    },
                    "to": {
                        "startLines": "2,3,4,5,6,7,8,9,10,11,12,13,14,15,16,17,18,19,20,21,22,23,24,25,26,27,28,37",
                        "startColumns": "4,4,4,4,4,4,4,4,4,4,4,4,4,4,4,4,4,4,4,4,4,4,4,4,4,4,4,4",
                        "startOffsets": "105,212,314,423,509,614,731,812,893,984,1077,1173,1267,1362,1455,1550,1647,1738,1829,1913,2017,2126,2225,2331,2441,2548,2711,3623",
                        "endColumns": "106,101,108,85,104,116,80,80,90,92,95,93,94,92,94,96,90,90,83,103,108,98,105,109,106,162,97,81",
                        "endOffsets": "207,309,418,504,609,726,807,888,979,1072,1168,1262,1357,1450,1545,1642,1733,1824,1908,2012,2121,2220,2326,2436,2543,2706,2804,3700"
                    }
                },
                {
                    "source": "C:\\Users\\MAHABHARAT\\.gradle\\caches\\transforms-1\\files-1.1\\play-services-basement-16.0.1.aar\\35ca32aae7eaf67f291ffc9a1ff1eb67\\res\\values-cs\\values.xml",
                    "from": {
                        "startLines": "4",
                        "startColumns": "0",
                        "startOffsets": "247",
                        "endColumns": "201",
                        "endOffsets": "448"
                    },
                    "to": {
                        "startLines": "29",
                        "startColumns": "4",
                        "startOffsets": "2809",
                        "endColumns": "201",
                        "endOffsets": "3006"
                    }
                }
            ]
        }
    ]
}