{
    "logs": [
        {
            "outputFile": "C:\\Users\\MAHABHARAT\\Desktop\\Android\\WALLPAPER\\app\\build\\intermediates\\incremental\\mergeDebugResources\\merged.dir\\values-ar\\values-ar.xml",
            "map": [
                {
                    "source": "C:\\Users\\MAHABHARAT\\.gradle\\caches\\transforms-1\\files-1.1\\play-services-basement-16.0.1.aar\\35ca32aae7eaf67f291ffc9a1ff1eb67\\res\\values-ar\\values.xml",
                    "from": {
                        "startLines": "4",
                        "startColumns": "0",
                        "startOffsets": "247",
                        "endColumns": "188",
                        "endOffsets": "435"
                    },
                    "to": {
                        "startLines": "29",
                        "startColumns": "4",
                        "startOffsets": "2779",
                        "endColumns": "188",
                        "endOffsets": "2963"
                    }
                },
                {
                    "source": "C:\\Users\\MAHABHARAT\\.gradle\\caches\\transforms-1\\files-1.1\\play-services-ads-17.1.1.aar\\70954981208680dc04572d6e68790c4f\\res\\values-ar\\values.xml",
                    "from": {
                        "startLines": "4,5,6,7,8,9,10",
                        "startColumns": "0,0,0,0,0,0,0",
                        "startOffsets": "197,264,373,435,496,569,667",
                        "endColumns": "66,108,61,60,72,97,69",
                        "endOffsets": "263,372,434,495,568,666,736"
                    },
                    "to": {
                        "startLines": "30,31,32,33,34,35,36",
                        "startColumns": "4,4,4,4,4,4,4",
                        "startOffsets": "2968,3039,3152,3218,3283,3360,3462",
                        "endColumns": "70,112,65,64,76,101,73",
                        "endOffsets": "3034,3147,3213,3278,3355,3457,3531"
                    }
                },
                {
                    "source": "C:\\Users\\MAHABHARAT\\.gradle\\caches\\transforms-1\\files-1.1\\support-compat-28.0.0.aar\\7201e804f5bc9b087427a4d6a2a3ea38\\res\\values-ar\\values-ar.xml",
                    "from": {
                        "startLines": "2",
                        "startColumns": "4",
                        "startOffsets": "55",
                        "endColumns": "100",
                        "endOffsets": "151"
                    },
                    "to": {
                        "startLines": "38",
                        "startColumns": "4",
                        "startOffsets": "3617",
                        "endColumns": "100",
                        "endOffsets": "3713"
                    }
                },
                {
                    "source": "C:\\Users\\MAHABHARAT\\.gradle\\caches\\transforms-1\\files-1.1\\appcompat-v7-28.0.0.aar\\7cdc28d946ccd9c5d3ffd01dad291cea\\res\\values-ar\\values-ar.xml",
                    "from": {
                        "startLines": "2,3,4,5,6,7,8,9,10,11,12,13,14,15,16,17,18,19,20,21,22,23,24,25,26,27,28,29",
                        "startColumns": "4,4,4,4,4,4,4,4,4,4,4,4,4,4,4,4,4,4,4,4,4,4,4,4,4,4,4,4",
                        "startOffsets": "105,222,326,435,517,618,732,811,890,981,1074,1170,1264,1365,1458,1553,1647,1738,1832,1911,2016,2117,2213,2321,2424,2527,2682,2779",
                        "endColumns": "116,103,108,81,100,113,78,78,90,92,95,93,100,92,94,93,90,93,78,104,100,95,107,102,102,154,96,80",
                        "endOffsets": "217,321,430,512,613,727,806,885,976,1069,1165,1259,1360,1453,1548,1642,1733,1827,1906,2011,2112,2208,2316,2419,2522,2677,2774,2855"
                    },
                    "to": {
                        "startLines": "2,3,4,5,6,7,8,9,10,11,12,13,14,15,16,17,18,19,20,21,22,23,24,25,26,27,28,37",
                        "startColumns": "4,4,4,4,4,4,4,4,4,4,4,4,4,4,4,4,4,4,4,4,4,4,4,4,4,4,4,4",
                        "startOffsets": "105,222,326,435,517,618,732,811,890,981,1074,1170,1264,1365,1458,1553,1647,1738,1832,1911,2016,2117,2213,2321,2424,2527,2682,3536",
                        "endColumns": "116,103,108,81,100,113,78,78,90,92,95,93,100,92,94,93,90,93,78,104,100,95,107,102,102,154,96,80",
                        "endOffsets": "217,321,430,512,613,727,806,885,976,1069,1165,1259,1360,1453,1548,1642,1733,1827,1906,2011,2112,2208,2316,2419,2522,2677,2774,3612"
                    }
                }
            ]
        }
    ]
}