{
    "logs": [
        {
            "outputFile": "C:\\Users\\MAHABHARAT\\Desktop\\Android\\WALLPAPER\\app\\build\\intermediates\\incremental\\mergeDebugResources\\merged.dir\\values-az\\values-az.xml",
            "map": [
                {
                    "source": "C:\\Users\\MAHABHARAT\\.gradle\\caches\\transforms-1\\files-1.1\\support-compat-28.0.0.aar\\7201e804f5bc9b087427a4d6a2a3ea38\\res\\values-az\\values-az.xml",
                    "from": {
                        "startLines": "2",
                        "startColumns": "4",
                        "startOffsets": "55",
                        "endColumns": "100",
                        "endOffsets": "151"
                    },
                    "to": {
                        "startLines": "38",
                        "startColumns": "4",
                        "startOffsets": "3746",
                        "endColumns": "100",
                        "endOffsets": "3842"
                    }
                },
                {
                    "source": "C:\\Users\\MAHABHARAT\\.gradle\\caches\\transforms-1\\files-1.1\\play-services-basement-16.0.1.aar\\35ca32aae7eaf67f291ffc9a1ff1eb67\\res\\values-az\\values.xml",
                    "from": {
                        "startLines": "4",
                        "startColumns": "0",
                        "startOffsets": "247",
                        "endColumns": "220",
                        "endOffsets": "467"
                    },
                    "to": {
                        "startLines": "29",
                        "startColumns": "4",
                        "startOffsets": "2820",
                        "endColumns": "220",
                        "endOffsets": "3036"
                    }
                },
                {
                    "source": "C:\\Users\\MAHABHARAT\\.gradle\\caches\\transforms-1\\files-1.1\\play-services-ads-17.1.1.aar\\70954981208680dc04572d6e68790c4f\\res\\values-az\\values.xml",
                    "from": {
                        "startLines": "4,5,6,7,8,9,10",
                        "startColumns": "0,0,0,0,0,0,0",
                        "startOffsets": "197,274,396,464,531,611,721",
                        "endColumns": "76,121,67,66,79,109,69",
                        "endOffsets": "273,395,463,530,610,720,790"
                    },
                    "to": {
                        "startLines": "30,31,32,33,34,35,36",
                        "startColumns": "4,4,4,4,4,4,4",
                        "startOffsets": "3041,3122,3248,3320,3391,3475,3589",
                        "endColumns": "80,125,71,70,83,113,73",
                        "endOffsets": "3117,3243,3315,3386,3470,3584,3658"
                    }
                },
                {
                    "source": "C:\\Users\\MAHABHARAT\\.gradle\\caches\\transforms-1\\files-1.1\\appcompat-v7-28.0.0.aar\\7cdc28d946ccd9c5d3ffd01dad291cea\\res\\values-az\\values-az.xml",
                    "from": {
                        "startLines": "2,3,4,5,6,7,8,9,10,11,12,13,14,15,16,17,18,19,20,21,22,23,24,25,26,27,28,29",
                        "startColumns": "4,4,4,4,4,4,4,4,4,4,4,4,4,4,4,4,4,4,4,4,4,4,4,4,4,4,4,4",
                        "startOffsets": "105,213,312,424,512,619,733,814,893,984,1077,1172,1271,1372,1465,1560,1655,1746,1838,1923,2030,2137,2237,2346,2450,2560,2718,2820",
                        "endColumns": "107,98,111,87,106,113,80,78,90,92,94,98,100,92,94,94,90,91,84,106,106,99,108,103,109,157,101,82",
                        "endOffsets": "208,307,419,507,614,728,809,888,979,1072,1167,1266,1367,1460,1555,1650,1741,1833,1918,2025,2132,2232,2341,2445,2555,2713,2815,2898"
                    },
                    "to": {
                        "startLines": "2,3,4,5,6,7,8,9,10,11,12,13,14,15,16,17,18,19,20,21,22,23,24,25,26,27,28,37",
                        "startColumns": "4,4,4,4,4,4,4,4,4,4,4,4,4,4,4,4,4,4,4,4,4,4,4,4,4,4,4,4",
                        "startOffsets": "105,213,312,424,512,619,733,814,893,984,1077,1172,1271,1372,1465,1560,1655,1746,1838,1923,2030,2137,2237,2346,2450,2560,2718,3663",
                        "endColumns": "107,98,111,87,106,113,80,78,90,92,94,98,100,92,94,94,90,91,84,106,106,99,108,103,109,157,101,82",
                        "endOffsets": "208,307,419,507,614,728,809,888,979,1072,1167,1266,1367,1460,1555,1650,1741,1833,1918,2025,2132,2232,2341,2445,2555,2713,2815,3741"
                    }
                }
            ]
        }
    ]
}