{
    "logs": [
        {
            "outputFile": "C:\\Users\\MAHABHARAT\\Desktop\\Android\\WALLPAPER\\app\\build\\intermediates\\incremental\\mergeDebugResources\\merged.dir\\values-fr-rCA\\values-fr-rCA.xml",
            "map": [
                {
                    "source": "C:\\Users\\MAHABHARAT\\.gradle\\caches\\transforms-1\\files-1.1\\play-services-ads-17.1.1.aar\\70954981208680dc04572d6e68790c4f\\res\\values-fr-rCA\\values.xml",
                    "from": {
                        "startLines": "4,5,6,7,8,9,10",
                        "startColumns": "0,0,0,0,0,0,0",
                        "startOffsets": "201,278,402,468,533,624,739",
                        "endColumns": "76,123,65,64,90,114,69",
                        "endOffsets": "277,401,467,532,623,738,808"
                    },
                    "to": {
                        "startLines": "30,31,32,33,34,35,36",
                        "startColumns": "4,4,4,4,4,4,4",
                        "startOffsets": "3099,3180,3308,3378,3447,3542,3661",
                        "endColumns": "80,127,69,68,94,118,73",
                        "endOffsets": "3175,3303,3373,3442,3537,3656,3730"
                    }
                },
                {
                    "source": "C:\\Users\\MAHABHARAT\\.gradle\\caches\\transforms-1\\files-1.1\\appcompat-v7-28.0.0.aar\\7cdc28d946ccd9c5d3ffd01dad291cea\\res\\values-fr-rCA\\values-fr-rCA.xml",
                    "from": {
                        "startLines": "2,3,4,5,6,7,8,9,10,11,12,13,14,15,16,17,18,19,20,21,22,23,24,25,26,27,28,29",
                        "startColumns": "4,4,4,4,4,4,4,4,4,4,4,4,4,4,4,4,4,4,4,4,4,4,4,4,4,4,4,4",
                        "startOffsets": "105,216,331,442,529,645,775,858,938,1029,1122,1221,1316,1417,1510,1603,1698,1789,1880,1976,2086,2198,2301,2412,2519,2621,2780,2879",
                        "endColumns": "110,114,110,86,115,129,82,79,90,92,98,94,100,92,92,94,90,90,95,109,111,102,110,106,101,158,98,85",
                        "endOffsets": "211,326,437,524,640,770,853,933,1024,1117,1216,1311,1412,1505,1598,1693,1784,1875,1971,2081,2193,2296,2407,2514,2616,2775,2874,2960"
                    },
                    "to": {
                        "startLines": "2,3,4,5,6,7,8,9,10,11,12,13,14,15,16,17,18,19,20,21,22,23,24,25,26,27,28,37",
                        "startColumns": "4,4,4,4,4,4,4,4,4,4,4,4,4,4,4,4,4,4,4,4,4,4,4,4,4,4,4,4",
                        "startOffsets": "105,216,331,442,529,645,775,858,938,1029,1122,1221,1316,1417,1510,1603,1698,1789,1880,1976,2086,2198,2301,2412,2519,2621,2780,3735",
                        "endColumns": "110,114,110,86,115,129,82,79,90,92,98,94,100,92,92,94,90,90,95,109,111,102,110,106,101,158,98,85",
                        "endOffsets": "211,326,437,524,640,770,853,933,1024,1117,1216,1311,1412,1505,1598,1693,1784,1875,1971,2081,2193,2296,2407,2514,2616,2775,2874,3816"
                    }
                },
                {
                    "source": "C:\\Users\\MAHABHARAT\\.gradle\\caches\\transforms-1\\files-1.1\\support-compat-28.0.0.aar\\7201e804f5bc9b087427a4d6a2a3ea38\\res\\values-fr-rCA\\values-fr-rCA.xml",
                    "from": {
                        "startLines": "2",
                        "startColumns": "4",
                        "startOffsets": "55",
                        "endColumns": "100",
                        "endOffsets": "151"
                    },
                    "to": {
                        "startLines": "38",
                        "startColumns": "4",
                        "startOffsets": "3821",
                        "endColumns": "100",
                        "endOffsets": "3917"
                    }
                },
                {
                    "source": "C:\\Users\\MAHABHARAT\\.gradle\\caches\\transforms-1\\files-1.1\\play-services-basement-16.0.1.aar\\35ca32aae7eaf67f291ffc9a1ff1eb67\\res\\values-fr-rCA\\values.xml",
                    "from": {
                        "startLines": "4",
                        "startColumns": "0",
                        "startOffsets": "251",
                        "endColumns": "219",
                        "endOffsets": "470"
                    },
                    "to": {
                        "startLines": "29",
                        "startColumns": "4",
                        "startOffsets": "2879",
                        "endColumns": "219",
                        "endOffsets": "3094"
                    }
                }
            ]
        }
    ]
}