{
    "logs": [
        {
            "outputFile": "C:\\Users\\MAHABHARAT\\Desktop\\Android\\WALLPAPER\\app\\build\\intermediates\\incremental\\mergeDebugResources\\merged.dir\\values-vi\\values-vi.xml",
            "map": [
                {
                    "source": "C:\\Users\\MAHABHARAT\\.gradle\\caches\\transforms-1\\files-1.1\\play-services-ads-17.1.1.aar\\70954981208680dc04572d6e68790c4f\\res\\values-vi\\values.xml",
                    "from": {
                        "startLines": "4,5,6,7,8,9,10",
                        "startColumns": "0,0,0,0,0,0,0",
                        "startOffsets": "197,266,379,446,511,585,679",
                        "endColumns": "68,112,66,64,73,93,77",
                        "endOffsets": "265,378,445,510,584,678,756"
                    },
                    "to": {
                        "startLines": "30,31,32,33,34,35,36",
                        "startColumns": "4,4,4,4,4,4,4",
                        "startOffsets": "3012,3085,3202,3273,3342,3420,3518",
                        "endColumns": "72,116,70,68,77,97,81",
                        "endOffsets": "3080,3197,3268,3337,3415,3513,3595"
                    }
                },
                {
                    "source": "C:\\Users\\MAHABHARAT\\.gradle\\caches\\transforms-1\\files-1.1\\play-services-basement-16.0.1.aar\\35ca32aae7eaf67f291ffc9a1ff1eb67\\res\\values-vi\\values.xml",
                    "from": {
                        "startLines": "4",
                        "startColumns": "0",
                        "startOffsets": "247",
                        "endColumns": "194",
                        "endOffsets": "441"
                    },
                    "to": {
                        "startLines": "29",
                        "startColumns": "4",
                        "startOffsets": "2817",
                        "endColumns": "194",
                        "endOffsets": "3007"
                    }
                },
                {
                    "source": "C:\\Users\\MAHABHARAT\\.gradle\\caches\\transforms-1\\files-1.1\\support-compat-28.0.0.aar\\7201e804f5bc9b087427a4d6a2a3ea38\\res\\values-vi\\values-vi.xml",
                    "from": {
                        "startLines": "2",
                        "startColumns": "4",
                        "startOffsets": "55",
                        "endColumns": "100",
                        "endOffsets": "151"
                    },
                    "to": {
                        "startLines": "38",
                        "startColumns": "4",
                        "startOffsets": "3684",
                        "endColumns": "100",
                        "endOffsets": "3780"
                    }
                },
                {
                    "source": "C:\\Users\\MAHABHARAT\\.gradle\\caches\\transforms-1\\files-1.1\\appcompat-v7-28.0.0.aar\\7cdc28d946ccd9c5d3ffd01dad291cea\\res\\values-vi\\values-vi.xml",
                    "from": {
                        "startLines": "2,3,4,5,6,7,8,9,10,11,12,13,14,15,16,17,18,19,20,21,22,23,24,25,26,27,28,29",
                        "startColumns": "4,4,4,4,4,4,4,4,4,4,4,4,4,4,4,4,4,4,4,4,4,4,4,4,4,4,4,4",
                        "startOffsets": "105,219,327,436,520,623,742,819,896,987,1080,1176,1270,1371,1464,1559,1657,1748,1839,1923,2027,2136,2237,2342,2456,2561,2718,2817",
                        "endColumns": "113,107,108,83,102,118,76,76,90,92,95,93,100,92,94,97,90,90,83,103,108,100,104,113,104,156,98,83",
                        "endOffsets": "214,322,431,515,618,737,814,891,982,1075,1171,1265,1366,1459,1554,1652,1743,1834,1918,2022,2131,2232,2337,2451,2556,2713,2812,2896"
                    },
                    "to": {
                        "startLines": "2,3,4,5,6,7,8,9,10,11,12,13,14,15,16,17,18,19,20,21,22,23,24,25,26,27,28,37",
                        "startColumns": "4,4,4,4,4,4,4,4,4,4,4,4,4,4,4,4,4,4,4,4,4,4,4,4,4,4,4,4",
                        "startOffsets": "105,219,327,436,520,623,742,819,896,987,1080,1176,1270,1371,1464,1559,1657,1748,1839,1923,2027,2136,2237,2342,2456,2561,2718,3600",
                        "endColumns": "113,107,108,83,102,118,76,76,90,92,95,93,100,92,94,97,90,90,83,103,108,100,104,113,104,156,98,83",
                        "endOffsets": "214,322,431,515,618,737,814,891,982,1075,1171,1265,1366,1459,1554,1652,1743,1834,1918,2022,2131,2232,2337,2451,2556,2713,2812,3679"
                    }
                }
            ]
        }
    ]
}