{
    "logs": [
        {
            "outputFile": "C:\\Users\\MAHABHARAT\\Desktop\\Android\\WALLPAPER\\app\\build\\intermediates\\incremental\\mergeDebugResources\\merged.dir\\values-is\\values-is.xml",
            "map": [
                {
                    "source": "C:\\Users\\MAHABHARAT\\.gradle\\caches\\transforms-1\\files-1.1\\appcompat-v7-28.0.0.aar\\7cdc28d946ccd9c5d3ffd01dad291cea\\res\\values-is\\values-is.xml",
                    "from": {
                        "startLines": "2,3,4,5,6,7,8,9,10,11,12,13,14,15,16,17,18,19,20,21,22,23,24,25,26,27,28,29",
                        "startColumns": "4,4,4,4,4,4,4,4,4,4,4,4,4,4,4,4,4,4,4,4,4,4,4,4,4,4,4,4",
                        "startOffsets": "105,205,302,414,499,600,714,794,874,965,1058,1154,1248,1355,1448,1543,1638,1729,1823,1904,2014,2122,2220,2329,2428,2531,2686,2784",
                        "endColumns": "99,96,111,84,100,113,79,79,90,92,95,93,106,92,94,94,90,93,80,109,107,97,108,98,102,154,97,80",
                        "endOffsets": "200,297,409,494,595,709,789,869,960,1053,1149,1243,1350,1443,1538,1633,1724,1818,1899,2009,2117,2215,2324,2423,2526,2681,2779,2860"
                    },
                    "to": {
                        "startLines": "2,3,4,5,6,7,8,9,10,11,12,13,14,15,16,17,18,19,20,21,22,23,24,25,26,27,28,37",
                        "startColumns": "4,4,4,4,4,4,4,4,4,4,4,4,4,4,4,4,4,4,4,4,4,4,4,4,4,4,4,4",
                        "startOffsets": "105,205,302,414,499,600,714,794,874,965,1058,1154,1248,1355,1448,1543,1638,1729,1823,1904,2014,2122,2220,2329,2428,2531,2686,3558",
                        "endColumns": "99,96,111,84,100,113,79,79,90,92,95,93,106,92,94,94,90,93,80,109,107,97,108,98,102,154,97,80",
                        "endOffsets": "200,297,409,494,595,709,789,869,960,1053,1149,1243,1350,1443,1538,1633,1724,1818,1899,2009,2117,2215,2324,2423,2526,2681,2779,3634"
                    }
                },
                {
                    "source": "C:\\Users\\MAHABHARAT\\.gradle\\caches\\transforms-1\\files-1.1\\support-compat-28.0.0.aar\\7201e804f5bc9b087427a4d6a2a3ea38\\res\\values-is\\values-is.xml",
                    "from": {
                        "startLines": "2",
                        "startColumns": "4",
                        "startOffsets": "55",
                        "endColumns": "100",
                        "endOffsets": "151"
                    },
                    "to": {
                        "startLines": "38",
                        "startColumns": "4",
                        "startOffsets": "3639",
                        "endColumns": "100",
                        "endOffsets": "3735"
                    }
                },
                {
                    "source": "C:\\Users\\MAHABHARAT\\.gradle\\caches\\transforms-1\\files-1.1\\play-services-basement-16.0.1.aar\\35ca32aae7eaf67f291ffc9a1ff1eb67\\res\\values-is\\values.xml",
                    "from": {
                        "startLines": "4",
                        "startColumns": "0",
                        "startOffsets": "247",
                        "endColumns": "187",
                        "endOffsets": "434"
                    },
                    "to": {
                        "startLines": "29",
                        "startColumns": "4",
                        "startOffsets": "2784",
                        "endColumns": "187",
                        "endOffsets": "2967"
                    }
                },
                {
                    "source": "C:\\Users\\MAHABHARAT\\.gradle\\caches\\transforms-1\\files-1.1\\play-services-ads-17.1.1.aar\\70954981208680dc04572d6e68790c4f\\res\\values-is\\values.xml",
                    "from": {
                        "startLines": "4,5,6,7,8,9,10",
                        "startColumns": "0,0,0,0,0,0,0",
                        "startOffsets": "197,264,368,435,498,579,681",
                        "endColumns": "66,103,66,62,80,101,73",
                        "endOffsets": "263,367,434,497,578,680,754"
                    },
                    "to": {
                        "startLines": "30,31,32,33,34,35,36",
                        "startColumns": "4,4,4,4,4,4,4",
                        "startOffsets": "2972,3043,3151,3222,3289,3374,3480",
                        "endColumns": "70,107,70,66,84,105,77",
                        "endOffsets": "3038,3146,3217,3284,3369,3475,3553"
                    }
                }
            ]
        }
    ]
}