{
    "logs": [
        {
            "outputFile": "C:\\Users\\MAHABHARAT\\Desktop\\Android\\WALLPAPER\\app\\build\\intermediates\\incremental\\mergeDebugResources\\merged.dir\\values-kk\\values-kk.xml",
            "map": [
                {
                    "source": "C:\\Users\\MAHABHARAT\\.gradle\\caches\\transforms-1\\files-1.1\\play-services-ads-17.1.1.aar\\70954981208680dc04572d6e68790c4f\\res\\values-kk\\values.xml",
                    "from": {
                        "startLines": "4,5,6,7,8,9,10",
                        "startColumns": "0,0,0,0,0,0,0",
                        "startOffsets": "197,269,393,459,527,608,721",
                        "endColumns": "71,123,65,67,80,112,70",
                        "endOffsets": "268,392,458,526,607,720,791"
                    },
                    "to": {
                        "startLines": "30,31,32,33,34,35,36",
                        "startColumns": "4,4,4,4,4,4,4",
                        "startOffsets": "3035,3111,3239,3309,3381,3466,3583",
                        "endColumns": "75,127,69,71,84,116,74",
                        "endOffsets": "3106,3234,3304,3376,3461,3578,3653"
                    }
                },
                {
                    "source": "C:\\Users\\MAHABHARAT\\.gradle\\caches\\transforms-1\\files-1.1\\support-compat-28.0.0.aar\\7201e804f5bc9b087427a4d6a2a3ea38\\res\\values-kk\\values-kk.xml",
                    "from": {
                        "startLines": "2",
                        "startColumns": "4",
                        "startOffsets": "55",
                        "endColumns": "100",
                        "endOffsets": "151"
                    },
                    "to": {
                        "startLines": "38",
                        "startColumns": "4",
                        "startOffsets": "3739",
                        "endColumns": "100",
                        "endOffsets": "3835"
                    }
                },
                {
                    "source": "C:\\Users\\MAHABHARAT\\.gradle\\caches\\transforms-1\\files-1.1\\play-services-basement-16.0.1.aar\\35ca32aae7eaf67f291ffc9a1ff1eb67\\res\\values-kk\\values.xml",
                    "from": {
                        "startLines": "4",
                        "startColumns": "0",
                        "startOffsets": "247",
                        "endColumns": "222",
                        "endOffsets": "469"
                    },
                    "to": {
                        "startLines": "29",
                        "startColumns": "4",
                        "startOffsets": "2812",
                        "endColumns": "222",
                        "endOffsets": "3030"
                    }
                },
                {
                    "source": "C:\\Users\\MAHABHARAT\\.gradle\\caches\\transforms-1\\files-1.1\\appcompat-v7-28.0.0.aar\\7cdc28d946ccd9c5d3ffd01dad291cea\\res\\values-kk\\values-kk.xml",
                    "from": {
                        "startLines": "2,3,4,5,6,7,8,9,10,11,12,13,14,15,16,17,18,19,20,21,22,23,24,25,26,27,28,29",
                        "startColumns": "4,4,4,4,4,4,4,4,4,4,4,4,4,4,4,4,4,4,4,4,4,4,4,4,4,4,4,4",
                        "startOffsets": "105,217,320,430,515,621,740,821,901,992,1085,1181,1275,1376,1469,1564,1661,1752,1844,1925,2028,2133,2231,2338,2447,2547,2713,2812",
                        "endColumns": "111,102,109,84,105,118,80,79,90,92,95,93,100,92,94,96,90,91,80,102,104,97,106,108,99,165,98,80",
                        "endOffsets": "212,315,425,510,616,735,816,896,987,1080,1176,1270,1371,1464,1559,1656,1747,1839,1920,2023,2128,2226,2333,2442,2542,2708,2807,2888"
                    },
                    "to": {
                        "startLines": "2,3,4,5,6,7,8,9,10,11,12,13,14,15,16,17,18,19,20,21,22,23,24,25,26,27,28,37",
                        "startColumns": "4,4,4,4,4,4,4,4,4,4,4,4,4,4,4,4,4,4,4,4,4,4,4,4,4,4,4,4",
                        "startOffsets": "105,217,320,430,515,621,740,821,901,992,1085,1181,1275,1376,1469,1564,1661,1752,1844,1925,2028,2133,2231,2338,2447,2547,2713,3658",
                        "endColumns": "111,102,109,84,105,118,80,79,90,92,95,93,100,92,94,96,90,91,80,102,104,97,106,108,99,165,98,80",
                        "endOffsets": "212,315,425,510,616,735,816,896,987,1080,1176,1270,1371,1464,1559,1656,1747,1839,1920,2023,2128,2226,2333,2442,2542,2708,2807,3734"
                    }
                }
            ]
        }
    ]
}