{
    "logs": [
        {
            "outputFile": "C:\\Users\\MAHABHARAT\\Desktop\\Android\\WALLPAPER\\app\\build\\intermediates\\incremental\\mergeDebugResources\\merged.dir\\values-v24\\values-v24.xml",
            "map": [
                {
                    "source": "C:\\Users\\MAHABHARAT\\.gradle\\caches\\transforms-1\\files-1.1\\appcompat-v7-28.0.0.aar\\7cdc28d946ccd9c5d3ffd01dad291cea\\res\\values-v24\\values-v24.xml",
                    "from": {
                        "startLines": "2,3",
                        "startColumns": "4,4",
                        "startOffsets": "55,212",
                        "endColumns": "156,134",
                        "endOffsets": "207,342"
                    }
                },
                {
                    "source": "C:\\Users\\MAHABHARAT\\.gradle\\caches\\transforms-1\\files-1.1\\support-media-compat-26.1.0.aar\\9ea6e36ef62cba6c22aa1e50dab8eca6\\res\\values-v24\\values-v24.xml",
                    "from": {
                        "startLines": "2,3,4,5",
                        "startColumns": "4,4,4,4",
                        "startOffsets": "55,121,182,248",
                        "endColumns": "65,60,65,66",
                        "endOffsets": "116,177,243,310"
                    },
                    "to": {
                        "startLines": "4,5,6,7",
                        "startColumns": "4,4,4,4",
                        "startOffsets": "347,413,474,540",
                        "endColumns": "65,60,65,66",
                        "endOffsets": "408,469,535,602"
                    }
                }
            ]
        }
    ]
}