{
    "logs": [
        {
            "outputFile": "C:\\Users\\MAHABHARAT\\Desktop\\Android\\WALLPAPER\\app\\build\\intermediates\\incremental\\mergeDebugResources\\merged.dir\\values-af\\values-af.xml",
            "map": [
                {
                    "source": "C:\\Users\\MAHABHARAT\\.gradle\\caches\\transforms-1\\files-1.1\\support-compat-28.0.0.aar\\7201e804f5bc9b087427a4d6a2a3ea38\\res\\values-af\\values-af.xml",
                    "from": {
                        "startLines": "2",
                        "startColumns": "4",
                        "startOffsets": "55",
                        "endColumns": "100",
                        "endOffsets": "151"
                    },
                    "to": {
                        "startLines": "38",
                        "startColumns": "4",
                        "startOffsets": "3665",
                        "endColumns": "100",
                        "endOffsets": "3761"
                    }
                },
                {
                    "source": "C:\\Users\\MAHABHARAT\\.gradle\\caches\\transforms-1\\files-1.1\\appcompat-v7-28.0.0.aar\\7cdc28d946ccd9c5d3ffd01dad291cea\\res\\values-af\\values-af.xml",
                    "from": {
                        "startLines": "2,3,4,5,6,7,8,9,10,11,12,13,14,15,16,17,18,19,20,21,22,23,24,25,26,27,28,29",
                        "startColumns": "4,4,4,4,4,4,4,4,4,4,4,4,4,4,4,4,4,4,4,4,4,4,4,4,4,4,4,4",
                        "startOffsets": "105,209,309,415,500,603,721,797,874,965,1058,1154,1248,1348,1441,1536,1635,1730,1824,1905,2012,2115,2212,2320,2422,2524,2678,2776",
                        "endColumns": "103,99,105,84,102,117,75,76,90,92,95,93,99,92,94,98,94,93,80,106,102,96,107,101,101,153,97,79",
                        "endOffsets": "204,304,410,495,598,716,792,869,960,1053,1149,1243,1343,1436,1531,1630,1725,1819,1900,2007,2110,2207,2315,2417,2519,2673,2771,2851"
                    },
                    "to": {
                        "startLines": "2,3,4,5,6,7,8,9,10,11,12,13,14,15,16,17,18,19,20,21,22,23,24,25,26,27,28,37",
                        "startColumns": "4,4,4,4,4,4,4,4,4,4,4,4,4,4,4,4,4,4,4,4,4,4,4,4,4,4,4,4",
                        "startOffsets": "105,209,309,415,500,603,721,797,874,965,1058,1154,1248,1348,1441,1536,1635,1730,1824,1905,2012,2115,2212,2320,2422,2524,2678,3585",
                        "endColumns": "103,99,105,84,102,117,75,76,90,92,95,93,99,92,94,98,94,93,80,106,102,96,107,101,101,153,97,79",
                        "endOffsets": "204,304,410,495,598,716,792,869,960,1053,1149,1243,1343,1436,1531,1630,1725,1819,1900,2007,2110,2207,2315,2417,2519,2673,2771,3660"
                    }
                },
                {
                    "source": "C:\\Users\\MAHABHARAT\\.gradle\\caches\\transforms-1\\files-1.1\\play-services-ads-17.1.1.aar\\70954981208680dc04572d6e68790c4f\\res\\values-af\\values.xml",
                    "from": {
                        "startLines": "4,5,6,7,8,9,10",
                        "startColumns": "0,0,0,0,0,0,0",
                        "startOffsets": "197,265,377,442,506,588,702",
                        "endColumns": "67,111,64,63,81,113,73",
                        "endOffsets": "264,376,441,505,587,701,775"
                    },
                    "to": {
                        "startLines": "30,31,32,33,34,35,36",
                        "startColumns": "4,4,4,4,4,4,4",
                        "startOffsets": "2978,3050,3166,3235,3303,3389,3507",
                        "endColumns": "71,115,68,67,85,117,77",
                        "endOffsets": "3045,3161,3230,3298,3384,3502,3580"
                    }
                },
                {
                    "source": "C:\\Users\\MAHABHARAT\\.gradle\\caches\\transforms-1\\files-1.1\\play-services-basement-16.0.1.aar\\35ca32aae7eaf67f291ffc9a1ff1eb67\\res\\values-af\\values.xml",
                    "from": {
                        "startLines": "4",
                        "startColumns": "0",
                        "startOffsets": "247",
                        "endColumns": "201",
                        "endOffsets": "448"
                    },
                    "to": {
                        "startLines": "29",
                        "startColumns": "4",
                        "startOffsets": "2776",
                        "endColumns": "201",
                        "endOffsets": "2973"
                    }
                }
            ]
        }
    ]
}