{
    "logs": [
        {
            "outputFile": "C:\\Users\\MAHABHARAT\\Desktop\\Android\\WALLPAPER\\app\\build\\intermediates\\incremental\\mergeDebugResources\\merged.dir\\values-bs\\values-bs.xml",
            "map": [
                {
                    "source": "C:\\Users\\MAHABHARAT\\.gradle\\caches\\transforms-1\\files-1.1\\play-services-basement-16.0.1.aar\\35ca32aae7eaf67f291ffc9a1ff1eb67\\res\\values-bs\\values.xml",
                    "from": {
                        "startLines": "4",
                        "startColumns": "0",
                        "startOffsets": "247",
                        "endColumns": "199",
                        "endOffsets": "446"
                    },
                    "to": {
                        "startLines": "29",
                        "startColumns": "4",
                        "startOffsets": "2842",
                        "endColumns": "199",
                        "endOffsets": "3037"
                    }
                },
                {
                    "source": "C:\\Users\\MAHABHARAT\\.gradle\\caches\\transforms-1\\files-1.1\\support-compat-28.0.0.aar\\7201e804f5bc9b087427a4d6a2a3ea38\\res\\values-bs\\values-bs.xml",
                    "from": {
                        "startLines": "2",
                        "startColumns": "4",
                        "startOffsets": "55",
                        "endColumns": "100",
                        "endOffsets": "151"
                    },
                    "to": {
                        "startLines": "38",
                        "startColumns": "4",
                        "startOffsets": "3745",
                        "endColumns": "100",
                        "endOffsets": "3841"
                    }
                },
                {
                    "source": "C:\\Users\\MAHABHARAT\\.gradle\\caches\\transforms-1\\files-1.1\\appcompat-v7-28.0.0.aar\\7cdc28d946ccd9c5d3ffd01dad291cea\\res\\values-bs\\values-bs.xml",
                    "from": {
                        "startLines": "2,3,4,5,6,7,8,9,10,11,12,13,14,15,16,17,18,19,20,21,22,23,24,25,26,27,28,29",
                        "startColumns": "4,4,4,4,4,4,4,4,4,4,4,4,4,4,4,4,4,4,4,4,4,4,4,4,4,4,4,4",
                        "startOffsets": "105,224,333,440,526,630,752,834,915,1006,1099,1195,1289,1390,1483,1578,1677,1768,1859,1945,2048,2153,2251,2356,2469,2572,2745,2842",
                        "endColumns": "118,108,106,85,103,121,81,80,90,92,95,93,100,92,94,98,90,90,85,102,104,97,104,112,102,172,96,83",
                        "endOffsets": "219,328,435,521,625,747,829,910,1001,1094,1190,1284,1385,1478,1573,1672,1763,1854,1940,2043,2148,2246,2351,2464,2567,2740,2837,2921"
                    },
                    "to": {
                        "startLines": "2,3,4,5,6,7,8,9,10,11,12,13,14,15,16,17,18,19,20,21,22,23,24,25,26,27,28,37",
                        "startColumns": "4,4,4,4,4,4,4,4,4,4,4,4,4,4,4,4,4,4,4,4,4,4,4,4,4,4,4,4",
                        "startOffsets": "105,224,333,440,526,630,752,834,915,1006,1099,1195,1289,1390,1483,1578,1677,1768,1859,1945,2048,2153,2251,2356,2469,2572,2745,3661",
                        "endColumns": "118,108,106,85,103,121,81,80,90,92,95,93,100,92,94,98,90,90,85,102,104,97,104,112,102,172,96,83",
                        "endOffsets": "219,328,435,521,625,747,829,910,1001,1094,1190,1284,1385,1478,1573,1672,1763,1854,1940,2043,2148,2246,2351,2464,2567,2740,2837,3740"
                    }
                },
                {
                    "source": "C:\\Users\\MAHABHARAT\\.gradle\\caches\\transforms-1\\files-1.1\\play-services-ads-17.1.1.aar\\70954981208680dc04572d6e68790c4f\\res\\values-bs\\values.xml",
                    "from": {
                        "startLines": "4,5,6,7,8,9,10",
                        "startColumns": "0,0,0,0,0,0,0",
                        "startOffsets": "197,267,386,452,515,603,718",
                        "endColumns": "69,118,65,62,87,114,69",
                        "endOffsets": "266,385,451,514,602,717,787"
                    },
                    "to": {
                        "startLines": "30,31,32,33,34,35,36",
                        "startColumns": "4,4,4,4,4,4,4",
                        "startOffsets": "3042,3116,3239,3309,3376,3468,3587",
                        "endColumns": "73,122,69,66,91,118,73",
                        "endOffsets": "3111,3234,3304,3371,3463,3582,3656"
                    }
                }
            ]
        }
    ]
}