{
    "logs": [
        {
            "outputFile": "C:\\Users\\MAHABHARAT\\Desktop\\Android\\WALLPAPER\\app\\build\\intermediates\\incremental\\mergeDebugResources\\merged.dir\\values-de\\values-de.xml",
            "map": [
                {
                    "source": "C:\\Users\\MAHABHARAT\\.gradle\\caches\\transforms-1\\files-1.1\\play-services-basement-16.0.1.aar\\35ca32aae7eaf67f291ffc9a1ff1eb67\\res\\values-de\\values.xml",
                    "from": {
                        "startLines": "4",
                        "startColumns": "0",
                        "startOffsets": "247",
                        "endColumns": "203",
                        "endOffsets": "450"
                    },
                    "to": {
                        "startLines": "29",
                        "startColumns": "4",
                        "startOffsets": "2843",
                        "endColumns": "203",
                        "endOffsets": "3042"
                    }
                },
                {
                    "source": "C:\\Users\\MAHABHARAT\\.gradle\\caches\\transforms-1\\files-1.1\\play-services-ads-17.1.1.aar\\70954981208680dc04572d6e68790c4f\\res\\values-de\\values.xml",
                    "from": {
                        "startLines": "4,5,6,7,8,9,10",
                        "startColumns": "0,0,0,0,0,0,0",
                        "startOffsets": "197,268,396,463,529,611,730",
                        "endColumns": "70,127,66,65,81,118,68",
                        "endOffsets": "267,395,462,528,610,729,798"
                    },
                    "to": {
                        "startLines": "30,31,32,33,34,35,36",
                        "startColumns": "4,4,4,4,4,4,4",
                        "startOffsets": "3047,3122,3254,3325,3395,3481,3604",
                        "endColumns": "74,131,70,69,85,122,72",
                        "endOffsets": "3117,3249,3320,3390,3476,3599,3672"
                    }
                },
                {
                    "source": "C:\\Users\\MAHABHARAT\\.gradle\\caches\\transforms-1\\files-1.1\\appcompat-v7-28.0.0.aar\\7cdc28d946ccd9c5d3ffd01dad291cea\\res\\values-de\\values-de.xml",
                    "from": {
                        "startLines": "2,3,4,5,6,7,8,9,10,11,12,13,14,15,16,17,18,19,20,21,22,23,24,25,26,27,28,29",
                        "startColumns": "4,4,4,4,4,4,4,4,4,4,4,4,4,4,4,4,4,4,4,4,4,4,4,4,4,4,4,4",
                        "startOffsets": "105,210,308,420,506,611,726,803,879,971,1065,1162,1263,1371,1471,1575,1675,1773,1870,1952,2063,2166,2265,2376,2478,2585,2741,2843",
                        "endColumns": "104,97,111,85,104,114,76,75,91,93,96,100,107,99,103,99,97,96,81,110,102,98,110,101,106,155,101,81",
                        "endOffsets": "205,303,415,501,606,721,798,874,966,1060,1157,1258,1366,1466,1570,1670,1768,1865,1947,2058,2161,2260,2371,2473,2580,2736,2838,2920"
                    },
                    "to": {
                        "startLines": "2,3,4,5,6,7,8,9,10,11,12,13,14,15,16,17,18,19,20,21,22,23,24,25,26,27,28,37",
                        "startColumns": "4,4,4,4,4,4,4,4,4,4,4,4,4,4,4,4,4,4,4,4,4,4,4,4,4,4,4,4",
                        "startOffsets": "105,210,308,420,506,611,726,803,879,971,1065,1162,1263,1371,1471,1575,1675,1773,1870,1952,2063,2166,2265,2376,2478,2585,2741,3677",
                        "endColumns": "104,97,111,85,104,114,76,75,91,93,96,100,107,99,103,99,97,96,81,110,102,98,110,101,106,155,101,81",
                        "endOffsets": "205,303,415,501,606,721,798,874,966,1060,1157,1258,1366,1466,1570,1670,1768,1865,1947,2058,2161,2260,2371,2473,2580,2736,2838,3754"
                    }
                },
                {
                    "source": "C:\\Users\\MAHABHARAT\\.gradle\\caches\\transforms-1\\files-1.1\\support-compat-28.0.0.aar\\7201e804f5bc9b087427a4d6a2a3ea38\\res\\values-de\\values-de.xml",
                    "from": {
                        "startLines": "2",
                        "startColumns": "4",
                        "startOffsets": "55",
                        "endColumns": "100",
                        "endOffsets": "151"
                    },
                    "to": {
                        "startLines": "38",
                        "startColumns": "4",
                        "startOffsets": "3759",
                        "endColumns": "100",
                        "endOffsets": "3855"
                    }
                }
            ]
        }
    ]
}