{
    "logs": [
        {
            "outputFile": "C:\\Users\\MAHABHARAT\\Desktop\\Android\\WALLPAPER\\app\\build\\intermediates\\incremental\\mergeDebugResources\\merged.dir\\values-km\\values-km.xml",
            "map": [
                {
                    "source": "C:\\Users\\MAHABHARAT\\.gradle\\caches\\transforms-1\\files-1.1\\play-services-basement-16.0.1.aar\\35ca32aae7eaf67f291ffc9a1ff1eb67\\res\\values-km\\values.xml",
                    "from": {
                        "startLines": "4",
                        "startColumns": "0",
                        "startOffsets": "247",
                        "endColumns": "207",
                        "endOffsets": "454"
                    },
                    "to": {
                        "startLines": "29",
                        "startColumns": "4",
                        "startOffsets": "2799",
                        "endColumns": "207",
                        "endOffsets": "3002"
                    }
                },
                {
                    "source": "C:\\Users\\MAHABHARAT\\.gradle\\caches\\transforms-1\\files-1.1\\appcompat-v7-28.0.0.aar\\7cdc28d946ccd9c5d3ffd01dad291cea\\res\\values-km\\values-km.xml",
                    "from": {
                        "startLines": "2,3,4,5,6,7,8,9,10,11,12,13,14,15,16,17,18,19,20,21,22,23,24,25,26,27,28,29",
                        "startColumns": "4,4,4,4,4,4,4,4,4,4,4,4,4,4,4,4,4,4,4,4,4,4,4,4,4,4,4,4",
                        "startOffsets": "105,208,308,420,507,611,729,806,883,974,1067,1163,1257,1358,1451,1546,1640,1731,1822,1905,2009,2114,2214,2324,2431,2539,2701,2799",
                        "endColumns": "102,99,111,86,103,117,76,76,90,92,95,93,100,92,94,93,90,90,82,103,104,99,109,106,107,161,97,82",
                        "endOffsets": "203,303,415,502,606,724,801,878,969,1062,1158,1252,1353,1446,1541,1635,1726,1817,1900,2004,2109,2209,2319,2426,2534,2696,2794,2877"
                    },
                    "to": {
                        "startLines": "2,3,4,5,6,7,8,9,10,11,12,13,14,15,16,17,18,19,20,21,22,23,24,25,26,27,28,37",
                        "startColumns": "4,4,4,4,4,4,4,4,4,4,4,4,4,4,4,4,4,4,4,4,4,4,4,4,4,4,4,4",
                        "startOffsets": "105,208,308,420,507,611,729,806,883,974,1067,1163,1257,1358,1451,1546,1640,1731,1822,1905,2009,2114,2214,2324,2431,2539,2701,3659",
                        "endColumns": "102,99,111,86,103,117,76,76,90,92,95,93,100,92,94,93,90,90,82,103,104,99,109,106,107,161,97,82",
                        "endOffsets": "203,303,415,502,606,724,801,878,969,1062,1158,1252,1353,1446,1541,1635,1726,1817,1900,2004,2109,2209,2319,2426,2534,2696,2794,3737"
                    }
                },
                {
                    "source": "C:\\Users\\MAHABHARAT\\.gradle\\caches\\transforms-1\\files-1.1\\play-services-ads-17.1.1.aar\\70954981208680dc04572d6e68790c4f\\res\\values-km\\values.xml",
                    "from": {
                        "startLines": "4,5,6,7,8,9,10",
                        "startColumns": "0,0,0,0,0,0,0",
                        "startOffsets": "197,269,397,462,526,619,744",
                        "endColumns": "71,127,64,63,92,124,76",
                        "endOffsets": "268,396,461,525,618,743,820"
                    },
                    "to": {
                        "startLines": "30,31,32,33,34,35,36",
                        "startColumns": "4,4,4,4,4,4,4",
                        "startOffsets": "3007,3083,3215,3284,3352,3449,3578",
                        "endColumns": "75,131,68,67,96,128,80",
                        "endOffsets": "3078,3210,3279,3347,3444,3573,3654"
                    }
                },
                {
                    "source": "C:\\Users\\MAHABHARAT\\.gradle\\caches\\transforms-1\\files-1.1\\support-compat-28.0.0.aar\\7201e804f5bc9b087427a4d6a2a3ea38\\res\\values-km\\values-km.xml",
                    "from": {
                        "startLines": "2",
                        "startColumns": "4",
                        "startOffsets": "55",
                        "endColumns": "100",
                        "endOffsets": "151"
                    },
                    "to": {
                        "startLines": "38",
                        "startColumns": "4",
                        "startOffsets": "3742",
                        "endColumns": "100",
                        "endOffsets": "3838"
                    }
                }
            ]
        }
    ]
}