{
    "logs": [
        {
            "outputFile": "C:\\Users\\MAHABHARAT\\Desktop\\Android\\WALLPAPER\\app\\build\\intermediates\\incremental\\mergeDebugResources\\merged.dir\\values-hi\\values-hi.xml",
            "map": [
                {
                    "source": "C:\\Users\\MAHABHARAT\\.gradle\\caches\\transforms-1\\files-1.1\\play-services-ads-17.1.1.aar\\70954981208680dc04572d6e68790c4f\\res\\values-hi\\values.xml",
                    "from": {
                        "startLines": "4,5,6,7,8,9,10",
                        "startColumns": "0,0,0,0,0,0,0",
                        "startOffsets": "197,267,393,462,530,607,701",
                        "endColumns": "69,125,68,67,76,93,70",
                        "endOffsets": "266,392,461,529,606,700,771"
                    },
                    "to": {
                        "startLines": "30,31,32,33,34,35,36",
                        "startColumns": "4,4,4,4,4,4,4",
                        "startOffsets": "3017,3091,3221,3294,3366,3447,3545",
                        "endColumns": "73,129,72,71,80,97,74",
                        "endOffsets": "3086,3216,3289,3361,3442,3540,3615"
                    }
                },
                {
                    "source": "C:\\Users\\MAHABHARAT\\.gradle\\caches\\transforms-1\\files-1.1\\support-compat-28.0.0.aar\\7201e804f5bc9b087427a4d6a2a3ea38\\res\\values-hi\\values-hi.xml",
                    "from": {
                        "startLines": "2",
                        "startColumns": "4",
                        "startOffsets": "55",
                        "endColumns": "100",
                        "endOffsets": "151"
                    },
                    "to": {
                        "startLines": "38",
                        "startColumns": "4",
                        "startOffsets": "3700",
                        "endColumns": "100",
                        "endOffsets": "3796"
                    }
                },
                {
                    "source": "C:\\Users\\MAHABHARAT\\.gradle\\caches\\transforms-1\\files-1.1\\appcompat-v7-28.0.0.aar\\7cdc28d946ccd9c5d3ffd01dad291cea\\res\\values-hi\\values-hi.xml",
                    "from": {
                        "startLines": "2,3,4,5,6,7,8,9,10,11,12,13,14,15,16,17,18,19,20,21,22,23,24,25,26,27,28,29",
                        "startColumns": "4,4,4,4,4,4,4,4,4,4,4,4,4,4,4,4,4,4,4,4,4,4,4,4,4,4,4,4",
                        "startOffsets": "105,211,308,418,504,606,728,805,883,974,1067,1163,1257,1358,1451,1546,1640,1731,1822,1912,2021,2124,2226,2336,2437,2549,2711,2812",
                        "endColumns": "105,96,109,85,101,121,76,77,90,92,95,93,100,92,94,93,90,90,89,108,102,101,109,100,111,161,100,79",
                        "endOffsets": "206,303,413,499,601,723,800,878,969,1062,1158,1252,1353,1446,1541,1635,1726,1817,1907,2016,2119,2221,2331,2432,2544,2706,2807,2887"
                    },
                    "to": {
                        "startLines": "2,3,4,5,6,7,8,9,10,11,12,13,14,15,16,17,18,19,20,21,22,23,24,25,26,27,28,37",
                        "startColumns": "4,4,4,4,4,4,4,4,4,4,4,4,4,4,4,4,4,4,4,4,4,4,4,4,4,4,4,4",
                        "startOffsets": "105,211,308,418,504,606,728,805,883,974,1067,1163,1257,1358,1451,1546,1640,1731,1822,1912,2021,2124,2226,2336,2437,2549,2711,3620",
                        "endColumns": "105,96,109,85,101,121,76,77,90,92,95,93,100,92,94,93,90,90,89,108,102,101,109,100,111,161,100,79",
                        "endOffsets": "206,303,413,499,601,723,800,878,969,1062,1158,1252,1353,1446,1541,1635,1726,1817,1907,2016,2119,2221,2331,2432,2544,2706,2807,3695"
                    }
                },
                {
                    "source": "C:\\Users\\MAHABHARAT\\.gradle\\caches\\transforms-1\\files-1.1\\play-services-basement-16.0.1.aar\\35ca32aae7eaf67f291ffc9a1ff1eb67\\res\\values-hi\\values.xml",
                    "from": {
                        "startLines": "4",
                        "startColumns": "0",
                        "startOffsets": "247",
                        "endColumns": "204",
                        "endOffsets": "451"
                    },
                    "to": {
                        "startLines": "29",
                        "startColumns": "4",
                        "startOffsets": "2812",
                        "endColumns": "204",
                        "endOffsets": "3012"
                    }
                }
            ]
        }
    ]
}