{
    "logs": [
        {
            "outputFile": "C:\\Users\\MAHABHARAT\\Desktop\\Android\\WALLPAPER\\app\\build\\intermediates\\incremental\\mergeDebugResources\\merged.dir\\values-ro\\values-ro.xml",
            "map": [
                {
                    "source": "C:\\Users\\MAHABHARAT\\.gradle\\caches\\transforms-1\\files-1.1\\play-services-ads-17.1.1.aar\\70954981208680dc04572d6e68790c4f\\res\\values-ro\\values.xml",
                    "from": {
                        "startLines": "4,5,6,7,8,9,10",
                        "startColumns": "0,0,0,0,0,0,0",
                        "startOffsets": "197,270,395,462,528,617,731",
                        "endColumns": "72,124,66,65,88,113,71",
                        "endOffsets": "269,394,461,527,616,730,802"
                    },
                    "to": {
                        "startLines": "30,31,32,33,34,35,36",
                        "startColumns": "4,4,4,4,4,4,4",
                        "startOffsets": "3074,3151,3280,3351,3421,3514,3632",
                        "endColumns": "76,128,70,69,92,117,75",
                        "endOffsets": "3146,3275,3346,3416,3509,3627,3703"
                    }
                },
                {
                    "source": "C:\\Users\\MAHABHARAT\\.gradle\\caches\\transforms-1\\files-1.1\\support-compat-28.0.0.aar\\7201e804f5bc9b087427a4d6a2a3ea38\\res\\values-ro\\values-ro.xml",
                    "from": {
                        "startLines": "2",
                        "startColumns": "4",
                        "startOffsets": "55",
                        "endColumns": "100",
                        "endOffsets": "151"
                    },
                    "to": {
                        "startLines": "38",
                        "startColumns": "4",
                        "startOffsets": "3791",
                        "endColumns": "100",
                        "endOffsets": "3887"
                    }
                },
                {
                    "source": "C:\\Users\\MAHABHARAT\\.gradle\\caches\\transforms-1\\files-1.1\\play-services-basement-16.0.1.aar\\35ca32aae7eaf67f291ffc9a1ff1eb67\\res\\values-ro\\values.xml",
                    "from": {
                        "startLines": "4",
                        "startColumns": "0",
                        "startOffsets": "247",
                        "endColumns": "203",
                        "endOffsets": "450"
                    },
                    "to": {
                        "startLines": "29",
                        "startColumns": "4",
                        "startOffsets": "2870",
                        "endColumns": "203",
                        "endOffsets": "3069"
                    }
                },
                {
                    "source": "C:\\Users\\MAHABHARAT\\.gradle\\caches\\transforms-1\\files-1.1\\appcompat-v7-28.0.0.aar\\7cdc28d946ccd9c5d3ffd01dad291cea\\res\\values-ro\\values-ro.xml",
                    "from": {
                        "startLines": "2,3,4,5,6,7,8,9,10,11,12,13,14,15,16,17,18,19,20,21,22,23,24,25,26,27,28,29",
                        "startColumns": "4,4,4,4,4,4,4,4,4,4,4,4,4,4,4,4,4,4,4,4,4,4,4,4,4,4,4,4",
                        "startOffsets": "105,226,330,443,531,643,764,849,930,1021,1114,1210,1304,1404,1497,1592,1687,1778,1870,1953,2065,2178,2278,2392,2497,2603,2767,2870",
                        "endColumns": "120,103,112,87,111,120,84,80,90,92,95,93,99,92,94,94,90,91,82,111,112,99,113,104,105,163,102,82",
                        "endOffsets": "221,325,438,526,638,759,844,925,1016,1109,1205,1299,1399,1492,1587,1682,1773,1865,1948,2060,2173,2273,2387,2492,2598,2762,2865,2948"
                    },
                    "to": {
                        "startLines": "2,3,4,5,6,7,8,9,10,11,12,13,14,15,16,17,18,19,20,21,22,23,24,25,26,27,28,37",
                        "startColumns": "4,4,4,4,4,4,4,4,4,4,4,4,4,4,4,4,4,4,4,4,4,4,4,4,4,4,4,4",
                        "startOffsets": "105,226,330,443,531,643,764,849,930,1021,1114,1210,1304,1404,1497,1592,1687,1778,1870,1953,2065,2178,2278,2392,2497,2603,2767,3708",
                        "endColumns": "120,103,112,87,111,120,84,80,90,92,95,93,99,92,94,94,90,91,82,111,112,99,113,104,105,163,102,82",
                        "endOffsets": "221,325,438,526,638,759,844,925,1016,1109,1205,1299,1399,1492,1587,1682,1773,1865,1948,2060,2173,2273,2387,2492,2598,2762,2865,3786"
                    }
                }
            ]
        }
    ]
}