{
    "logs": [
        {
            "outputFile": "C:\\Users\\MAHABHARAT\\Desktop\\Android\\WALLPAPER\\app\\build\\intermediates\\incremental\\mergeDebugResources\\merged.dir\\values-sv\\values-sv.xml",
            "map": [
                {
                    "source": "C:\\Users\\MAHABHARAT\\.gradle\\caches\\transforms-1\\files-1.1\\play-services-basement-16.0.1.aar\\35ca32aae7eaf67f291ffc9a1ff1eb67\\res\\values-sv\\values.xml",
                    "from": {
                        "startLines": "4",
                        "startColumns": "0",
                        "startOffsets": "247",
                        "endColumns": "206",
                        "endOffsets": "453"
                    },
                    "to": {
                        "startLines": "29",
                        "startColumns": "4",
                        "startOffsets": "2784",
                        "endColumns": "206",
                        "endOffsets": "2986"
                    }
                },
                {
                    "source": "C:\\Users\\MAHABHARAT\\.gradle\\caches\\transforms-1\\files-1.1\\appcompat-v7-28.0.0.aar\\7cdc28d946ccd9c5d3ffd01dad291cea\\res\\values-sv\\values-sv.xml",
                    "from": {
                        "startLines": "2,3,4,5,6,7,8,9,10,11,12,13,14,15,16,17,18,19,20,21,22,23,24,25,26,27,28,29",
                        "startColumns": "4,4,4,4,4,4,4,4,4,4,4,4,4,4,4,4,4,4,4,4,4,4,4,4,4,4,4,4",
                        "startOffsets": "105,211,314,425,510,612,725,801,877,970,1065,1161,1255,1358,1453,1550,1648,1744,1837,1917,2023,2123,2219,2324,2426,2528,2682,2784",
                        "endColumns": "105,102,110,84,101,112,75,75,92,94,95,93,102,94,96,97,95,92,79,105,99,95,104,101,101,153,101,78",
                        "endOffsets": "206,309,420,505,607,720,796,872,965,1060,1156,1250,1353,1448,1545,1643,1739,1832,1912,2018,2118,2214,2319,2421,2523,2677,2779,2858"
                    },
                    "to": {
                        "startLines": "2,3,4,5,6,7,8,9,10,11,12,13,14,15,16,17,18,19,20,21,22,23,24,25,26,27,28,37",
                        "startColumns": "4,4,4,4,4,4,4,4,4,4,4,4,4,4,4,4,4,4,4,4,4,4,4,4,4,4,4,4",
                        "startOffsets": "105,211,314,425,510,612,725,801,877,970,1065,1161,1255,1358,1453,1550,1648,1744,1837,1917,2023,2123,2219,2324,2426,2528,2682,3592",
                        "endColumns": "105,102,110,84,101,112,75,75,92,94,95,93,102,94,96,97,95,92,79,105,99,95,104,101,101,153,101,78",
                        "endOffsets": "206,309,420,505,607,720,796,872,965,1060,1156,1250,1353,1448,1545,1643,1739,1832,1912,2018,2118,2214,2319,2421,2523,2677,2779,3666"
                    }
                },
                {
                    "source": "C:\\Users\\MAHABHARAT\\.gradle\\caches\\transforms-1\\files-1.1\\support-compat-28.0.0.aar\\7201e804f5bc9b087427a4d6a2a3ea38\\res\\values-sv\\values-sv.xml",
                    "from": {
                        "startLines": "2",
                        "startColumns": "4",
                        "startOffsets": "55",
                        "endColumns": "100",
                        "endOffsets": "151"
                    },
                    "to": {
                        "startLines": "38",
                        "startColumns": "4",
                        "startOffsets": "3671",
                        "endColumns": "100",
                        "endOffsets": "3767"
                    }
                },
                {
                    "source": "C:\\Users\\MAHABHARAT\\.gradle\\caches\\transforms-1\\files-1.1\\play-services-ads-17.1.1.aar\\70954981208680dc04572d6e68790c4f\\res\\values-sv\\values.xml",
                    "from": {
                        "startLines": "4,5,6,7,8,9,10",
                        "startColumns": "0,0,0,0,0,0,0",
                        "startOffsets": "197,264,377,442,512,592,702",
                        "endColumns": "66,112,64,69,79,109,67",
                        "endOffsets": "263,376,441,511,591,701,769"
                    },
                    "to": {
                        "startLines": "30,31,32,33,34,35,36",
                        "startColumns": "4,4,4,4,4,4,4",
                        "startOffsets": "2991,3062,3179,3248,3322,3406,3520",
                        "endColumns": "70,116,68,73,83,113,71",
                        "endOffsets": "3057,3174,3243,3317,3401,3515,3587"
                    }
                }
            ]
        }
    ]
}