{
    "logs": [
        {
            "outputFile": "C:\\Users\\MAHABHARAT\\Desktop\\Android\\WALLPAPER\\app\\build\\intermediates\\incremental\\mergeDebugResources\\merged.dir\\values-ms\\values-ms.xml",
            "map": [
                {
                    "source": "C:\\Users\\MAHABHARAT\\.gradle\\caches\\transforms-1\\files-1.1\\play-services-ads-17.1.1.aar\\70954981208680dc04572d6e68790c4f\\res\\values-ms\\values.xml",
                    "from": {
                        "startLines": "4,5,6,7,8,9,10",
                        "startColumns": "0,0,0,0,0,0,0",
                        "startOffsets": "197,265,373,437,500,577,673",
                        "endColumns": "67,107,63,62,76,95,68",
                        "endOffsets": "264,372,436,499,576,672,741"
                    },
                    "to": {
                        "startLines": "30,31,32,33,34,35,36",
                        "startColumns": "4,4,4,4,4,4,4",
                        "startOffsets": "3006,3078,3190,3258,3325,3406,3506",
                        "endColumns": "71,111,67,66,80,99,72",
                        "endOffsets": "3073,3185,3253,3320,3401,3501,3574"
                    }
                },
                {
                    "source": "C:\\Users\\MAHABHARAT\\.gradle\\caches\\transforms-1\\files-1.1\\play-services-basement-16.0.1.aar\\35ca32aae7eaf67f291ffc9a1ff1eb67\\res\\values-ms\\values.xml",
                    "from": {
                        "startLines": "4",
                        "startColumns": "0",
                        "startOffsets": "247",
                        "endColumns": "204",
                        "endOffsets": "451"
                    },
                    "to": {
                        "startLines": "29",
                        "startColumns": "4",
                        "startOffsets": "2801",
                        "endColumns": "204",
                        "endOffsets": "3001"
                    }
                },
                {
                    "source": "C:\\Users\\MAHABHARAT\\.gradle\\caches\\transforms-1\\files-1.1\\appcompat-v7-28.0.0.aar\\7cdc28d946ccd9c5d3ffd01dad291cea\\res\\values-ms\\values-ms.xml",
                    "from": {
                        "startLines": "2,3,4,5,6,7,8,9,10,11,12,13,14,15,16,17,18,19,20,21,22,23,24,25,26,27,28,29",
                        "startColumns": "4,4,4,4,4,4,4,4,4,4,4,4,4,4,4,4,4,4,4,4,4,4,4,4,4,4,4,4",
                        "startOffsets": "105,216,321,429,516,620,731,809,888,979,1072,1167,1261,1360,1453,1548,1642,1733,1824,1904,2016,2125,2222,2331,2434,2541,2700,2801",
                        "endColumns": "110,104,107,86,103,110,77,78,90,92,94,93,98,92,94,93,90,90,79,111,108,96,108,102,106,158,100,79",
                        "endOffsets": "211,316,424,511,615,726,804,883,974,1067,1162,1256,1355,1448,1543,1637,1728,1819,1899,2011,2120,2217,2326,2429,2536,2695,2796,2876"
                    },
                    "to": {
                        "startLines": "2,3,4,5,6,7,8,9,10,11,12,13,14,15,16,17,18,19,20,21,22,23,24,25,26,27,28,37",
                        "startColumns": "4,4,4,4,4,4,4,4,4,4,4,4,4,4,4,4,4,4,4,4,4,4,4,4,4,4,4,4",
                        "startOffsets": "105,216,321,429,516,620,731,809,888,979,1072,1167,1261,1360,1453,1548,1642,1733,1824,1904,2016,2125,2222,2331,2434,2541,2700,3579",
                        "endColumns": "110,104,107,86,103,110,77,78,90,92,94,93,98,92,94,93,90,90,79,111,108,96,108,102,106,158,100,79",
                        "endOffsets": "211,316,424,511,615,726,804,883,974,1067,1162,1256,1355,1448,1543,1637,1728,1819,1899,2011,2120,2217,2326,2429,2536,2695,2796,3654"
                    }
                },
                {
                    "source": "C:\\Users\\MAHABHARAT\\.gradle\\caches\\transforms-1\\files-1.1\\support-compat-28.0.0.aar\\7201e804f5bc9b087427a4d6a2a3ea38\\res\\values-ms\\values-ms.xml",
                    "from": {
                        "startLines": "2",
                        "startColumns": "4",
                        "startOffsets": "55",
                        "endColumns": "100",
                        "endOffsets": "151"
                    },
                    "to": {
                        "startLines": "38",
                        "startColumns": "4",
                        "startOffsets": "3659",
                        "endColumns": "100",
                        "endOffsets": "3755"
                    }
                }
            ]
        }
    ]
}