{
    "logs": [
        {
            "outputFile": "C:\\Users\\MAHABHARAT\\Desktop\\Android\\WALLPAPER\\app\\build\\intermediates\\incremental\\mergeDebugResources\\merged.dir\\values-tr\\values-tr.xml",
            "map": [
                {
                    "source": "C:\\Users\\MAHABHARAT\\.gradle\\caches\\transforms-1\\files-1.1\\appcompat-v7-28.0.0.aar\\7cdc28d946ccd9c5d3ffd01dad291cea\\res\\values-tr\\values-tr.xml",
                    "from": {
                        "startLines": "2,3,4,5,6,7,8,9,10,11,12,13,14,15,16,17,18,19,20,21,22,23,24,25,26,27,28,29",
                        "startColumns": "4,4,4,4,4,4,4,4,4,4,4,4,4,4,4,4,4,4,4,4,4,4,4,4,4,4,4,4",
                        "startOffsets": "105,210,309,421,506,612,732,811,887,978,1071,1164,1258,1356,1449,1551,1646,1737,1828,1907,2014,2119,2215,2322,2424,2532,2688,2786",
                        "endColumns": "104,98,111,84,105,119,78,75,90,92,92,93,97,92,101,94,90,90,78,106,104,95,106,101,107,155,97,78",
                        "endOffsets": "205,304,416,501,607,727,806,882,973,1066,1159,1253,1351,1444,1546,1641,1732,1823,1902,2009,2114,2210,2317,2419,2527,2683,2781,2860"
                    },
                    "to": {
                        "startLines": "2,3,4,5,6,7,8,9,10,11,12,13,14,15,16,17,18,19,20,21,22,23,24,25,26,27,28,37",
                        "startColumns": "4,4,4,4,4,4,4,4,4,4,4,4,4,4,4,4,4,4,4,4,4,4,4,4,4,4,4,4",
                        "startOffsets": "105,210,309,421,506,612,732,811,887,978,1071,1164,1258,1356,1449,1551,1646,1737,1828,1907,2014,2119,2215,2322,2424,2532,2688,3608",
                        "endColumns": "104,98,111,84,105,119,78,75,90,92,92,93,97,92,101,94,90,90,78,106,104,95,106,101,107,155,97,78",
                        "endOffsets": "205,304,416,501,607,727,806,882,973,1066,1159,1253,1351,1444,1546,1641,1732,1823,1902,2009,2114,2210,2317,2419,2527,2683,2781,3682"
                    }
                },
                {
                    "source": "C:\\Users\\MAHABHARAT\\.gradle\\caches\\transforms-1\\files-1.1\\play-services-basement-16.0.1.aar\\35ca32aae7eaf67f291ffc9a1ff1eb67\\res\\values-tr\\values.xml",
                    "from": {
                        "startLines": "4",
                        "startColumns": "0",
                        "startOffsets": "247",
                        "endColumns": "205",
                        "endOffsets": "452"
                    },
                    "to": {
                        "startLines": "29",
                        "startColumns": "4",
                        "startOffsets": "2786",
                        "endColumns": "205",
                        "endOffsets": "2987"
                    }
                },
                {
                    "source": "C:\\Users\\MAHABHARAT\\.gradle\\caches\\transforms-1\\files-1.1\\support-compat-28.0.0.aar\\7201e804f5bc9b087427a4d6a2a3ea38\\res\\values-tr\\values-tr.xml",
                    "from": {
                        "startLines": "2",
                        "startColumns": "4",
                        "startOffsets": "55",
                        "endColumns": "100",
                        "endOffsets": "151"
                    },
                    "to": {
                        "startLines": "38",
                        "startColumns": "4",
                        "startOffsets": "3687",
                        "endColumns": "100",
                        "endOffsets": "3783"
                    }
                },
                {
                    "source": "C:\\Users\\MAHABHARAT\\.gradle\\caches\\transforms-1\\files-1.1\\play-services-ads-17.1.1.aar\\70954981208680dc04572d6e68790c4f\\res\\values-tr\\values.xml",
                    "from": {
                        "startLines": "4,5,6,7,8,9,10",
                        "startColumns": "0,0,0,0,0,0,0",
                        "startOffsets": "197,266,387,453,517,599,715",
                        "endColumns": "68,120,65,63,81,115,69",
                        "endOffsets": "265,386,452,516,598,714,784"
                    },
                    "to": {
                        "startLines": "30,31,32,33,34,35,36",
                        "startColumns": "4,4,4,4,4,4,4",
                        "startOffsets": "2992,3065,3190,3260,3328,3414,3534",
                        "endColumns": "72,124,69,67,85,119,73",
                        "endOffsets": "3060,3185,3255,3323,3409,3529,3603"
                    }
                }
            ]
        }
    ]
}