{
    "logs": [
        {
            "outputFile": "C:\\Users\\MAHABHARAT\\Desktop\\Android\\WALLPAPER\\app\\build\\intermediates\\incremental\\mergeDebugResources\\merged.dir\\values-tl\\values-tl.xml",
            "map": [
                {
                    "source": "C:\\Users\\MAHABHARAT\\.gradle\\caches\\transforms-1\\files-1.1\\play-services-basement-16.0.1.aar\\35ca32aae7eaf67f291ffc9a1ff1eb67\\res\\values-tl\\values.xml",
                    "from": {
                        "startLines": "4",
                        "startColumns": "0",
                        "startOffsets": "247",
                        "endColumns": "204",
                        "endOffsets": "451"
                    },
                    "to": {
                        "startLines": "29",
                        "startColumns": "4",
                        "startOffsets": "2865",
                        "endColumns": "204",
                        "endOffsets": "3065"
                    }
                },
                {
                    "source": "C:\\Users\\MAHABHARAT\\.gradle\\caches\\transforms-1\\files-1.1\\appcompat-v7-28.0.0.aar\\7cdc28d946ccd9c5d3ffd01dad291cea\\res\\values-tl\\values-tl.xml",
                    "from": {
                        "startLines": "2,3,4,5,6,7,8,9,10,11,12,13,14,15,16,17,18,19,20,21,22,23,24,25,26,27,28,29",
                        "startColumns": "4,4,4,4,4,4,4,4,4,4,4,4,4,4,4,4,4,4,4,4,4,4,4,4,4,4,4,4",
                        "startOffsets": "105,224,332,449,537,643,764,843,921,1012,1105,1201,1295,1396,1489,1584,1678,1769,1860,1944,2053,2164,2265,2375,2492,2600,2763,2865",
                        "endColumns": "118,107,116,87,105,120,78,77,90,92,95,93,100,92,94,93,90,90,83,108,110,100,109,116,107,162,101,83",
                        "endOffsets": "219,327,444,532,638,759,838,916,1007,1100,1196,1290,1391,1484,1579,1673,1764,1855,1939,2048,2159,2260,2370,2487,2595,2758,2860,2944"
                    },
                    "to": {
                        "startLines": "2,3,4,5,6,7,8,9,10,11,12,13,14,15,16,17,18,19,20,21,22,23,24,25,26,27,28,37",
                        "startColumns": "4,4,4,4,4,4,4,4,4,4,4,4,4,4,4,4,4,4,4,4,4,4,4,4,4,4,4,4",
                        "startOffsets": "105,224,332,449,537,643,764,843,921,1012,1105,1201,1295,1396,1489,1584,1678,1769,1860,1944,2053,2164,2265,2375,2492,2600,2763,3699",
                        "endColumns": "118,107,116,87,105,120,78,77,90,92,95,93,100,92,94,93,90,90,83,108,110,100,109,116,107,162,101,83",
                        "endOffsets": "219,327,444,532,638,759,838,916,1007,1100,1196,1290,1391,1484,1579,1673,1764,1855,1939,2048,2159,2260,2370,2487,2595,2758,2860,3778"
                    }
                },
                {
                    "source": "C:\\Users\\MAHABHARAT\\.gradle\\caches\\transforms-1\\files-1.1\\play-services-ads-17.1.1.aar\\70954981208680dc04572d6e68790c4f\\res\\values-tl\\values.xml",
                    "from": {
                        "startLines": "4,5,6,7,8,9,10",
                        "startColumns": "0,0,0,0,0,0,0",
                        "startOffsets": "197,272,394,461,528,615,726",
                        "endColumns": "74,121,66,66,86,110,71",
                        "endOffsets": "271,393,460,527,614,725,797"
                    },
                    "to": {
                        "startLines": "30,31,32,33,34,35,36",
                        "startColumns": "4,4,4,4,4,4,4",
                        "startOffsets": "3070,3149,3275,3346,3417,3508,3623",
                        "endColumns": "78,125,70,70,90,114,75",
                        "endOffsets": "3144,3270,3341,3412,3503,3618,3694"
                    }
                },
                {
                    "source": "C:\\Users\\MAHABHARAT\\.gradle\\caches\\transforms-1\\files-1.1\\support-compat-28.0.0.aar\\7201e804f5bc9b087427a4d6a2a3ea38\\res\\values-tl\\values-tl.xml",
                    "from": {
                        "startLines": "2",
                        "startColumns": "4",
                        "startOffsets": "55",
                        "endColumns": "100",
                        "endOffsets": "151"
                    },
                    "to": {
                        "startLines": "38",
                        "startColumns": "4",
                        "startOffsets": "3783",
                        "endColumns": "100",
                        "endOffsets": "3879"
                    }
                }
            ]
        }
    ]
}