[{"name":"C:\\Users\\MAHABHARAT\\.gradle\\caches\\transforms-1\\files-1.1\\design-28.0.0.aar\\73ca9c722d15973ee56fb033749e9056\\jars\\classes.jar","index":0,"scopes":["EXTERNAL_LIBRARIES"],"types":["DEX_ARCHIVE"],"format":"JAR","present":true},{"name":"C:\\Users\\MAHABHARAT\\.gradle\\caches\\transforms-1\\files-1.1\\materialcolorpicker-1.0.7.aar\\c7ec085c0275bcae8f7c22ed86b1ce6e\\jars\\classes.jar","index":1,"scopes":["EXTERNAL_LIBRARIES"],"types":["DEX_ARCHIVE"],"format":"JAR","present":true},{"name":"C:\\Users\\MAHABHARAT\\.gradle\\caches\\transforms-1\\files-1.1\\appcompat-v7-28.0.0.aar\\7cdc28d946ccd9c5d3ffd01dad291cea\\jars\\classes.jar","index":2,"scopes":["EXTERNAL_LIBRARIES"],"types":["DEX_ARCHIVE"],"format":"JAR","present":true},{"name":"C:\\Users\\MAHABHARAT\\.gradle\\caches\\transforms-1\\files-1.1\\recyclerview-v7-28.0.0.aar\\8508e9d9facd8188af6c87aed1418465\\jars\\classes.jar","index":3,"scopes":["EXTERNAL_LIBRARIES"],"types":["DEX_ARCHIVE"],"format":"JAR","present":true},{"name":"C:\\Users\\MAHABHARAT\\.gradle\\caches\\transforms-1\\files-1.1\\cardview-v7-28.0.0.aar\\3050eee797105d0e06662092a61ff902\\jars\\classes.jar","index":4,"scopes":["EXTERNAL_LIBRARIES"],"types":["DEX_ARCHIVE"],"format":"JAR","present":true},{"name":"C:\\Users\\MAHABHARAT\\.gradle\\caches\\transforms-1\\files-1.1\\constraint-layout-1.1.3.aar\\ad0c76b94dc9c6714eaef0ab4bc006e1\\jars\\classes.jar","index":5,"scopes":["EXTERNAL_LIBRARIES"],"types":["DEX_ARCHIVE"],"format":"JAR","present":true},{"name":"C:\\Users\\MAHABHARAT\\.gradle\\caches\\transforms-1\\files-1.1\\glide-4.8.0.aar\\feb238297b89569857da244bf9756d56\\jars\\classes.jar","index":6,"scopes":["EXTERNAL_LIBRARIES"],"types":["DEX_ARCHIVE"],"format":"JAR","present":true},{"name":"C:\\Users\\MAHABHARAT\\.gradle\\caches\\transforms-1\\files-1.1\\android-gif-drawable-1.2.8.aar\\893d07137f262f1f3319f7e7bac90394\\jars\\classes.jar","index":7,"scopes":["EXTERNAL_LIBRARIES"],"types":["DEX_ARCHIVE"],"format":"JAR","present":true},{"name":"C:\\Users\\MAHABHARAT\\.gradle\\caches\\transforms-1\\files-1.1\\library-1.4.aar\\2a1251f46fb313cadb13355607e86e03\\jars\\classes.jar","index":8,"scopes":["EXTERNAL_LIBRARIES"],"types":["DEX_ARCHIVE"],"format":"JAR","present":true},{"name":"C:\\Users\\MAHABHARAT\\.gradle\\caches\\transforms-1\\files-1.1\\play-services-ads-17.1.1.aar\\70954981208680dc04572d6e68790c4f\\jars\\classes.jar","index":9,"scopes":["EXTERNAL_LIBRARIES"],"types":["DEX_ARCHIVE"],"format":"JAR","present":true},{"name":"C:\\Users\\MAHABHARAT\\.gradle\\caches\\transforms-1\\files-1.1\\play-services-ads-identifier-16.0.0.aar\\6fdcad2ea8d281fd1efd6d4141eb2844\\jars\\classes.jar","index":10,"scopes":["EXTERNAL_LIBRARIES"],"types":["DEX_ARCHIVE"],"format":"JAR","present":true},{"name":"C:\\Users\\MAHABHARAT\\.gradle\\caches\\transforms-1\\files-1.1\\play-services-ads-lite-17.1.1.aar\\b56ef9c608e1ba9d2d8f635df2f49b87\\jars\\classes.jar","index":11,"scopes":["EXTERNAL_LIBRARIES"],"types":["DEX_ARCHIVE"],"format":"JAR","present":true},{"name":"C:\\Users\\MAHABHARAT\\.gradle\\caches\\transforms-1\\files-1.1\\play-services-gass-17.1.1.aar\\a9b3d3d882e8d0e33204dca8cdebedb6\\jars\\classes.jar","index":12,"scopes":["EXTERNAL_LIBRARIES"],"types":["DEX_ARCHIVE"],"format":"JAR","present":true},{"name":"C:\\Users\\MAHABHARAT\\.gradle\\caches\\transforms-1\\files-1.1\\play-services-measurement-sdk-api-16.0.3.aar\\b88571c721ac3d6411ade88901d4be2b\\jars\\classes.jar","index":13,"scopes":["EXTERNAL_LIBRARIES"],"types":["DEX_ARCHIVE"],"format":"JAR","present":true},{"name":"C:\\Users\\MAHABHARAT\\.gradle\\caches\\transforms-1\\files-1.1\\play-services-measurement-base-16.0.4.aar\\953677c8f90d9a20ecab1e5c8c9b1dd1\\jars\\classes.jar","index":14,"scopes":["EXTERNAL_LIBRARIES"],"types":["DEX_ARCHIVE"],"format":"JAR","present":true},{"name":"C:\\Users\\MAHABHARAT\\.gradle\\caches\\transforms-1\\files-1.1\\play-services-basement-16.0.1.aar\\35ca32aae7eaf67f291ffc9a1ff1eb67\\jars\\classes.jar","index":15,"scopes":["EXTERNAL_LIBRARIES"],"types":["DEX_ARCHIVE"],"format":"JAR","present":true},{"name":"C:\\Users\\MAHABHARAT\\.gradle\\caches\\transforms-1\\files-1.1\\gridlayout-v7-23.1.1.aar\\d9f375e6b2c40e07aee4eedb9861fcc5\\jars\\classes.jar","index":16,"scopes":["EXTERNAL_LIBRARIES"],"types":["DEX_ARCHIVE"],"format":"JAR","present":true},{"name":"C:\\Users\\MAHABHARAT\\.gradle\\caches\\transforms-1\\files-1.1\\support-v4-26.1.0.aar\\a21d1344682c390039c699dfae3ff764\\jars\\classes.jar","index":17,"scopes":["EXTERNAL_LIBRARIES"],"types":["DEX_ARCHIVE"],"format":"JAR","present":true},{"name":"C:\\Users\\MAHABHARAT\\.gradle\\caches\\transforms-1\\files-1.1\\support-fragment-28.0.0.aar\\7f8932f15ba7890c3c40693ef3c0cd05\\jars\\classes.jar","index":18,"scopes":["EXTERNAL_LIBRARIES"],"types":["DEX_ARCHIVE"],"format":"JAR","present":true},{"name":"C:\\Users\\MAHABHARAT\\.gradle\\caches\\transforms-1\\files-1.1\\animated-vector-drawable-28.0.0.aar\\1c933cda5dcdc0421e825b483e303a98\\jars\\classes.jar","index":19,"scopes":["EXTERNAL_LIBRARIES"],"types":["DEX_ARCHIVE"],"format":"JAR","present":true},{"name":"C:\\Users\\MAHABHARAT\\.gradle\\caches\\transforms-1\\files-1.1\\support-core-ui-28.0.0.aar\\e40bd470c278336d86aa0db27c6fba7f\\jars\\classes.jar","index":20,"scopes":["EXTERNAL_LIBRARIES"],"types":["DEX_ARCHIVE"],"format":"JAR","present":true},{"name":"C:\\Users\\MAHABHARAT\\.gradle\\caches\\transforms-1\\files-1.1\\support-core-utils-28.0.0.aar\\e4fc4c7d72ca5414405e04199d54f248\\jars\\classes.jar","index":21,"scopes":["EXTERNAL_LIBRARIES"],"types":["DEX_ARCHIVE"],"format":"JAR","present":true},{"name":"C:\\Users\\MAHABHARAT\\.gradle\\caches\\transforms-1\\files-1.1\\support-vector-drawable-28.0.0.aar\\85e89f06b00d7281997f7b42833e575d\\jars\\classes.jar","index":22,"scopes":["EXTERNAL_LIBRARIES"],"types":["DEX_ARCHIVE"],"format":"JAR","present":true},{"name":"C:\\Users\\MAHABHARAT\\.gradle\\caches\\transforms-1\\files-1.1\\transition-28.0.0.aar\\f5fb36e9df13ace802d2b61676a37c66\\jars\\classes.jar","index":23,"scopes":["EXTERNAL_LIBRARIES"],"types":["DEX_ARCHIVE"],"format":"JAR","present":true},{"name":"C:\\Users\\MAHABHARAT\\.gradle\\caches\\transforms-1\\files-1.1\\customtabs-26.1.0.aar\\49e40b52a262d0943a89b095352a04b5\\jars\\classes.jar","index":24,"scopes":["EXTERNAL_LIBRARIES"],"types":["DEX_ARCHIVE"],"format":"JAR","present":true},{"name":"C:\\Users\\MAHABHARAT\\.gradle\\caches\\transforms-1\\files-1.1\\loader-28.0.0.aar\\dedd2f7126e0b70001dc1d107adba511\\jars\\classes.jar","index":25,"scopes":["EXTERNAL_LIBRARIES"],"types":["DEX_ARCHIVE"],"format":"JAR","present":true},{"name":"C:\\Users\\MAHABHARAT\\.gradle\\caches\\transforms-1\\files-1.1\\viewpager-28.0.0.aar\\1a367c67f422f95ddc1480a0d909fd38\\jars\\classes.jar","index":26,"scopes":["EXTERNAL_LIBRARIES"],"types":["DEX_ARCHIVE"],"format":"JAR","present":true},{"name":"C:\\Users\\MAHABHARAT\\.gradle\\caches\\transforms-1\\files-1.1\\coordinatorlayout-28.0.0.aar\\3ce084d3af29941cd52864be43883988\\jars\\classes.jar","index":27,"scopes":["EXTERNAL_LIBRARIES"],"types":["DEX_ARCHIVE"],"format":"JAR","present":true},{"name":"C:\\Users\\MAHABHARAT\\.gradle\\caches\\transforms-1\\files-1.1\\drawerlayout-28.0.0.aar\\77097cc7b666e29af3907e817a0474bf\\jars\\classes.jar","index":28,"scopes":["EXTERNAL_LIBRARIES"],"types":["DEX_ARCHIVE"],"format":"JAR","present":true},{"name":"C:\\Users\\MAHABHARAT\\.gradle\\caches\\transforms-1\\files-1.1\\slidingpanelayout-28.0.0.aar\\b96a267f0e7ea1dbea8003227d1cda52\\jars\\classes.jar","index":29,"scopes":["EXTERNAL_LIBRARIES"],"types":["DEX_ARCHIVE"],"format":"JAR","present":true},{"name":"C:\\Users\\MAHABHARAT\\.gradle\\caches\\transforms-1\\files-1.1\\customview-28.0.0.aar\\4dfa93fe6d87ae79ceaa8a3d2f850f3c\\jars\\classes.jar","index":30,"scopes":["EXTERNAL_LIBRARIES"],"types":["DEX_ARCHIVE"],"format":"JAR","present":true},{"name":"C:\\Users\\MAHABHARAT\\.gradle\\caches\\transforms-1\\files-1.1\\swiperefreshlayout-28.0.0.aar\\31a6066cc8889d5e456c5518c1c019c6\\jars\\classes.jar","index":31,"scopes":["EXTERNAL_LIBRARIES"],"types":["DEX_ARCHIVE"],"format":"JAR","present":true},{"name":"C:\\Users\\MAHABHARAT\\.gradle\\caches\\transforms-1\\files-1.1\\asynclayoutinflater-28.0.0.aar\\c2794205934bd087046ca53c4c40d374\\jars\\classes.jar","index":32,"scopes":["EXTERNAL_LIBRARIES"],"types":["DEX_ARCHIVE"],"format":"JAR","present":true},{"name":"C:\\Users\\MAHABHARAT\\.gradle\\caches\\transforms-1\\files-1.1\\support-media-compat-26.1.0.aar\\9ea6e36ef62cba6c22aa1e50dab8eca6\\jars\\classes.jar","index":33,"scopes":["EXTERNAL_LIBRARIES"],"types":["DEX_ARCHIVE"],"format":"JAR","present":true},{"name":"C:\\Users\\MAHABHARAT\\.gradle\\caches\\transforms-1\\files-1.1\\support-compat-28.0.0.aar\\7201e804f5bc9b087427a4d6a2a3ea38\\jars\\classes.jar","index":34,"scopes":["EXTERNAL_LIBRARIES"],"types":["DEX_ARCHIVE"],"format":"JAR","present":true},{"name":"C:\\Users\\MAHABHARAT\\.gradle\\caches\\transforms-1\\files-1.1\\versionedparcelable-28.0.0.aar\\be0fc7d5cd75a85a816e0f27db077622\\jars\\classes.jar","index":35,"scopes":["EXTERNAL_LIBRARIES"],"types":["DEX_ARCHIVE"],"format":"JAR","present":true},{"name":"C:\\Users\\MAHABHARAT\\.gradle\\caches\\modules-2\\files-2.1\\com.android.support\\collections\\28.0.0\\c1bcdade4d3cc2836130424a3f3e4182c666a745\\collections-28.0.0.jar","index":36,"scopes":["EXTERNAL_LIBRARIES"],"types":["DEX_ARCHIVE"],"format":"JAR","present":true},{"name":"C:\\Users\\MAHABHARAT\\.gradle\\caches\\transforms-1\\files-1.1\\cursoradapter-28.0.0.aar\\12cd0e7a9d5cc396a71d1747eaa8415a\\jars\\classes.jar","index":37,"scopes":["EXTERNAL_LIBRARIES"],"types":["DEX_ARCHIVE"],"format":"JAR","present":true},{"name":"C:\\Users\\MAHABHARAT\\.gradle\\caches\\transforms-1\\files-1.1\\gifdecoder-4.8.0.aar\\5da890221409b9e828ef64bec736f35a\\jars\\classes.jar","index":38,"scopes":["EXTERNAL_LIBRARIES"],"types":["DEX_ARCHIVE"],"format":"JAR","present":true},{"name":"C:\\Users\\MAHABHARAT\\.gradle\\caches\\transforms-1\\files-1.1\\runtime-1.1.1.aar\\a4f702ebe6d2a4d40575a044a5e17ce4\\jars\\classes.jar","index":39,"scopes":["EXTERNAL_LIBRARIES"],"types":["DEX_ARCHIVE"],"format":"JAR","present":true},{"name":"C:\\Users\\MAHABHARAT\\.gradle\\caches\\transforms-1\\files-1.1\\documentfile-28.0.0.aar\\3d0e3356a0eb5d91cb36fd6e80b8975f\\jars\\classes.jar","index":40,"scopes":["EXTERNAL_LIBRARIES"],"types":["DEX_ARCHIVE"],"format":"JAR","present":true},{"name":"C:\\Users\\MAHABHARAT\\.gradle\\caches\\transforms-1\\files-1.1\\localbroadcastmanager-28.0.0.aar\\cb4eaca396e433e8129d0a640f1e1fec\\jars\\classes.jar","index":41,"scopes":["EXTERNAL_LIBRARIES"],"types":["DEX_ARCHIVE"],"format":"JAR","present":true},{"name":"C:\\Users\\MAHABHARAT\\.gradle\\caches\\transforms-1\\files-1.1\\print-28.0.0.aar\\091e202bc84337c670648995795b42e0\\jars\\classes.jar","index":42,"scopes":["EXTERNAL_LIBRARIES"],"types":["DEX_ARCHIVE"],"format":"JAR","present":true},{"name":"C:\\Users\\MAHABHARAT\\.gradle\\caches\\transforms-1\\files-1.1\\viewmodel-1.1.1.aar\\63dcc9d4f28f1ca99875e8e2d8c04272\\jars\\classes.jar","index":43,"scopes":["EXTERNAL_LIBRARIES"],"types":["DEX_ARCHIVE"],"format":"JAR","present":true},{"name":"C:\\Users\\MAHABHARAT\\.gradle\\caches\\transforms-1\\files-1.1\\interpolator-28.0.0.aar\\fda263cc616631562a2d2efdd5560509\\jars\\classes.jar","index":44,"scopes":["EXTERNAL_LIBRARIES"],"types":["DEX_ARCHIVE"],"format":"JAR","present":true},{"name":"C:\\Users\\MAHABHARAT\\.gradle\\caches\\transforms-1\\files-1.1\\livedata-1.1.1.aar\\33309adb330b022d7a29a10c18ec15ed\\jars\\classes.jar","index":45,"scopes":["EXTERNAL_LIBRARIES"],"types":["DEX_ARCHIVE"],"format":"JAR","present":true},{"name":"C:\\Users\\MAHABHARAT\\.gradle\\caches\\transforms-1\\files-1.1\\livedata-core-1.1.1.aar\\fe515ca13218b663047056ae5d536d92\\jars\\classes.jar","index":46,"scopes":["EXTERNAL_LIBRARIES"],"types":["DEX_ARCHIVE"],"format":"JAR","present":true},{"name":"C:\\Users\\MAHABHARAT\\.gradle\\caches\\modules-2\\files-2.1\\android.arch.lifecycle\\common\\1.1.1\\207a6efae6a3555e326de41f76bdadd9a239cbce\\common-1.1.1.jar","index":47,"scopes":["EXTERNAL_LIBRARIES"],"types":["DEX_ARCHIVE"],"format":"JAR","present":true},{"name":"C:\\Users\\MAHABHARAT\\.gradle\\caches\\transforms-1\\files-1.1\\runtime-1.1.1.aar\\4ab3b08f2395ccbe3ec42de61b6012e8\\jars\\classes.jar","index":48,"scopes":["EXTERNAL_LIBRARIES"],"types":["DEX_ARCHIVE"],"format":"JAR","present":true},{"name":"C:\\Users\\MAHABHARAT\\.gradle\\caches\\modules-2\\files-2.1\\android.arch.core\\common\\1.1.1\\e55b70d1f5620db124b3e85a7f4bdc7bd48d9f95\\common-1.1.1.jar","index":49,"scopes":["EXTERNAL_LIBRARIES"],"types":["DEX_ARCHIVE"],"format":"JAR","present":true},{"name":"C:\\Users\\MAHABHARAT\\.gradle\\caches\\modules-2\\files-2.1\\com.android.support\\support-annotations\\28.0.0\\ed73f5337a002d1fd24339d5fb08c2c9d9ca60d8\\support-annotations-28.0.0.jar","index":50,"scopes":["EXTERNAL_LIBRARIES"],"types":["DEX_ARCHIVE"],"format":"JAR","present":true},{"name":"C:\\Users\\MAHABHARAT\\.gradle\\caches\\modules-2\\files-2.1\\com.android.support.constraint\\constraint-layout-solver\\1.1.3\\bde0667d7414c16ed62d3cfe993cff7f9d732373\\constraint-layout-solver-1.1.3.jar","index":51,"scopes":["EXTERNAL_LIBRARIES"],"types":["DEX_ARCHIVE"],"format":"JAR","present":true},{"name":"C:\\Users\\MAHABHARAT\\.gradle\\caches\\modules-2\\files-2.1\\com.github.bumptech.glide\\disklrucache\\4.8.0\\a7448551cb3edd61bcf3d1b1136b670e630441cf\\disklrucache-4.8.0.jar","index":52,"scopes":["EXTERNAL_LIBRARIES"],"types":["DEX_ARCHIVE"],"format":"JAR","present":true},{"name":"C:\\Users\\MAHABHARAT\\.gradle\\caches\\modules-2\\files-2.1\\com.github.bumptech.glide\\annotations\\4.8.0\\c4c9e79eb2bfeb9059fce55020c6b237402285f6\\annotations-4.8.0.jar","index":53,"scopes":["EXTERNAL_LIBRARIES"],"types":["DEX_ARCHIVE"],"format":"JAR","present":true},{"name":"C:\\Users\\MAHABHARAT\\.gradle\\caches\\transforms-1\\files-1.1\\play-services-ads-base-17.1.1.aar\\0f3d7a713ddccabc9d8c157b5bd1f5e3\\jars\\classes.jar","index":54,"scopes":["EXTERNAL_LIBRARIES"],"types":["DEX_ARCHIVE"],"format":"JAR","present":true},{"name":"C:\\Users\\MAHABHARAT\\Desktop\\Android\\WALLPAPER\\app\\build\\intermediates\\javac\\debug\\compileDebugJavaWithJavac\\classes","index":55,"scopes":["PROJECT"],"types":["DEX_ARCHIVE"],"format":"DIRECTORY","present":true}]