{
    "logs": [
        {
            "outputFile": "C:\\Users\\MAHABHARAT\\Desktop\\Android\\WALLPAPER\\app\\build\\intermediates\\incremental\\mergeReleaseResources\\merged.dir\\values-lv\\values-lv.xml",
            "map": [
                {
                    "source": "C:\\Users\\MAHABHARAT\\.gradle\\caches\\transforms-1\\files-1.1\\play-services-basement-16.0.1.aar\\35ca32aae7eaf67f291ffc9a1ff1eb67\\res\\values-lv\\values.xml",
                    "from": {
                        "startLines": "4",
                        "startColumns": "0",
                        "startOffsets": "247",
                        "endColumns": "224",
                        "endOffsets": "471"
                    },
                    "to": {
                        "startLines": "29",
                        "startColumns": "4",
                        "startOffsets": "2994",
                        "endColumns": "224",
                        "endOffsets": "3214"
                    }
                },
                {
                    "source": "C:\\Users\\MAHABHARAT\\.gradle\\caches\\transforms-1\\files-1.1\\appcompat-v7-28.0.0.aar\\7cdc28d946ccd9c5d3ffd01dad291cea\\res\\values-lv\\values-lv.xml",
                    "from": {
                        "startLines": "2,3,4,5,6,7,8,9,10,11,12,13,14,15,16,17,18,19,20,21,22,23,24,25,26,27,28,29",
                        "startColumns": "4,4,4,4,4,4,4,4,4,4,4,4,4,4,4,4,4,4,4,4,4,4,4,4,4,4,4,4",
                        "startOffsets": "105,225,333,442,528,632,754,836,918,1028,1136,1243,1352,1464,1567,1679,1786,1891,1991,2076,2185,2297,2396,2507,2616,2721,2895,2994",
                        "endColumns": "119,107,108,85,103,121,81,81,109,107,106,108,111,102,111,106,104,99,84,108,111,98,110,108,104,173,98,81",
                        "endOffsets": "220,328,437,523,627,749,831,913,1023,1131,1238,1347,1459,1562,1674,1781,1886,1986,2071,2180,2292,2391,2502,2611,2716,2890,2989,3071"
                    },
                    "to": {
                        "startLines": "2,3,4,5,6,7,8,9,10,11,12,13,14,15,16,17,18,19,20,21,22,23,24,25,26,27,28,37",
                        "startColumns": "4,4,4,4,4,4,4,4,4,4,4,4,4,4,4,4,4,4,4,4,4,4,4,4,4,4,4,4",
                        "startOffsets": "105,225,333,442,528,632,754,836,918,1028,1136,1243,1352,1464,1567,1679,1786,1891,1991,2076,2185,2297,2396,2507,2616,2721,2895,3818",
                        "endColumns": "119,107,108,85,103,121,81,81,109,107,106,108,111,102,111,106,104,99,84,108,111,98,110,108,104,173,98,81",
                        "endOffsets": "220,328,437,523,627,749,831,913,1023,1131,1238,1347,1459,1562,1674,1781,1886,1986,2071,2180,2292,2391,2502,2611,2716,2890,2989,3895"
                    }
                },
                {
                    "source": "C:\\Users\\MAHABHARAT\\.gradle\\caches\\transforms-1\\files-1.1\\support-compat-28.0.0.aar\\7201e804f5bc9b087427a4d6a2a3ea38\\res\\values-lv\\values-lv.xml",
                    "from": {
                        "startLines": "2",
                        "startColumns": "4",
                        "startOffsets": "55",
                        "endColumns": "100",
                        "endOffsets": "151"
                    },
                    "to": {
                        "startLines": "38",
                        "startColumns": "4",
                        "startOffsets": "3900",
                        "endColumns": "100",
                        "endOffsets": "3996"
                    }
                },
                {
                    "source": "C:\\Users\\MAHABHARAT\\.gradle\\caches\\transforms-1\\files-1.1\\play-services-ads-17.1.1.aar\\70954981208680dc04572d6e68790c4f\\res\\values-lv\\values.xml",
                    "from": {
                        "startLines": "4,5,6,7,8,9,10",
                        "startColumns": "0,0,0,0,0,0,0",
                        "startOffsets": "197,272,375,441,507,591,697",
                        "endColumns": "74,102,65,65,83,105,70",
                        "endOffsets": "271,374,440,506,590,696,767"
                    },
                    "to": {
                        "startLines": "30,31,32,33,34,35,36",
                        "startColumns": "4,4,4,4,4,4,4",
                        "startOffsets": "3219,3298,3405,3475,3545,3633,3743",
                        "endColumns": "78,106,69,69,87,109,74",
                        "endOffsets": "3293,3400,3470,3540,3628,3738,3813"
                    }
                }
            ]
        }
    ]
}