{
    "logs": [
        {
            "outputFile": "C:\\Users\\MAHABHARAT\\Desktop\\Android\\WALLPAPER\\app\\build\\intermediates\\incremental\\mergeReleaseResources\\merged.dir\\values-ko\\values-ko.xml",
            "map": [
                {
                    "source": "C:\\Users\\MAHABHARAT\\.gradle\\caches\\transforms-1\\files-1.1\\support-compat-28.0.0.aar\\7201e804f5bc9b087427a4d6a2a3ea38\\res\\values-ko\\values-ko.xml",
                    "from": {
                        "startLines": "2",
                        "startColumns": "4",
                        "startOffsets": "55",
                        "endColumns": "100",
                        "endOffsets": "151"
                    },
                    "to": {
                        "startLines": "38",
                        "startColumns": "4",
                        "startOffsets": "3455",
                        "endColumns": "100",
                        "endOffsets": "3551"
                    }
                },
                {
                    "source": "C:\\Users\\MAHABHARAT\\.gradle\\caches\\transforms-1\\files-1.1\\appcompat-v7-28.0.0.aar\\7cdc28d946ccd9c5d3ffd01dad291cea\\res\\values-ko\\values-ko.xml",
                    "from": {
                        "startLines": "2,3,4,5,6,7,8,9,10,11,12,13,14,15,16,17,18,19,20,21,22,23,24,25,26,27,28,29",
                        "startColumns": "4,4,4,4,4,4,4,4,4,4,4,4,4,4,4,4,4,4,4,4,4,4,4,4,4,4,4,4",
                        "startOffsets": "105,200,294,396,478,576,682,761,837,928,1021,1113,1204,1305,1398,1493,1587,1678,1769,1849,1947,2042,2137,2237,2333,2432,2584,2678",
                        "endColumns": "94,93,101,81,97,105,78,75,90,92,91,90,100,92,94,93,90,90,79,97,94,94,99,95,98,151,93,77",
                        "endOffsets": "195,289,391,473,571,677,756,832,923,1016,1108,1199,1300,1393,1488,1582,1673,1764,1844,1942,2037,2132,2232,2328,2427,2579,2673,2751"
                    },
                    "to": {
                        "startLines": "2,3,4,5,6,7,8,9,10,11,12,13,14,15,16,17,18,19,20,21,22,23,24,25,26,27,28,37",
                        "startColumns": "4,4,4,4,4,4,4,4,4,4,4,4,4,4,4,4,4,4,4,4,4,4,4,4,4,4,4,4",
                        "startOffsets": "105,200,294,396,478,576,682,761,837,928,1021,1113,1204,1305,1398,1493,1587,1678,1769,1849,1947,2042,2137,2237,2333,2432,2584,3377",
                        "endColumns": "94,93,101,81,97,105,78,75,90,92,91,90,100,92,94,93,90,90,79,97,94,94,99,95,98,151,93,77",
                        "endOffsets": "195,289,391,473,571,677,756,832,923,1016,1108,1199,1300,1393,1488,1582,1673,1764,1844,1942,2037,2132,2232,2328,2427,2579,2673,3450"
                    }
                },
                {
                    "source": "C:\\Users\\MAHABHARAT\\.gradle\\caches\\transforms-1\\files-1.1\\play-services-ads-17.1.1.aar\\70954981208680dc04572d6e68790c4f\\res\\values-ko\\values.xml",
                    "from": {
                        "startLines": "4,5,6,7,8,9,10",
                        "startColumns": "0,0,0,0,0,0,0",
                        "startOffsets": "197,260,351,411,471,539,624",
                        "endColumns": "62,90,59,59,67,84,63",
                        "endOffsets": "259,350,410,470,538,623,687"
                    },
                    "to": {
                        "startLines": "30,31,32,33,34,35,36",
                        "startColumns": "4,4,4,4,4,4,4",
                        "startOffsets": "2858,2925,3020,3084,3148,3220,3309",
                        "endColumns": "66,94,63,63,71,88,67",
                        "endOffsets": "2920,3015,3079,3143,3215,3304,3372"
                    }
                },
                {
                    "source": "C:\\Users\\MAHABHARAT\\.gradle\\caches\\transforms-1\\files-1.1\\play-services-basement-16.0.1.aar\\35ca32aae7eaf67f291ffc9a1ff1eb67\\res\\values-ko\\values.xml",
                    "from": {
                        "startLines": "4",
                        "startColumns": "0",
                        "startOffsets": "247",
                        "endColumns": "179",
                        "endOffsets": "426"
                    },
                    "to": {
                        "startLines": "29",
                        "startColumns": "4",
                        "startOffsets": "2678",
                        "endColumns": "179",
                        "endOffsets": "2853"
                    }
                }
            ]
        }
    ]
}