{
    "logs": [
        {
            "outputFile": "C:\\Users\\MAHABHARAT\\Desktop\\Android\\WALLPAPER\\app\\build\\intermediates\\incremental\\mergeReleaseResources\\merged.dir\\values-v25\\values-v25.xml",
            "map": [
                {
                    "source": "C:\\Users\\MAHABHARAT\\.gradle\\caches\\transforms-1\\files-1.1\\appcompat-v7-28.0.0.aar\\7cdc28d946ccd9c5d3ffd01dad291cea\\res\\values-v25\\values-v25.xml",
                    "from": {
                        "startLines": "2,3,4,6",
                        "startColumns": "4,4,4,4",
                        "startOffsets": "55,126,209,308",
                        "endLines": "2,3,5,7",
                        "endColumns": "70,82,12,12",
                        "endOffsets": "121,204,303,414"
                    }
                }
            ]
        }
    ]
}