{
    "logs": [
        {
            "outputFile": "C:\\Users\\MAHABHARAT\\Desktop\\Android\\WALLPAPER\\app\\build\\intermediates\\incremental\\mergeReleaseResources\\merged.dir\\values-be\\values-be.xml",
            "map": [
                {
                    "source": "C:\\Users\\MAHABHARAT\\.gradle\\caches\\transforms-1\\files-1.1\\play-services-ads-17.1.1.aar\\70954981208680dc04572d6e68790c4f\\res\\values-be\\values.xml",
                    "from": {
                        "startLines": "4,5,6,7,8,9,10",
                        "startColumns": "0,0,0,0,0,0,0",
                        "startOffsets": "197,270,384,449,515,598,700",
                        "endColumns": "72,113,64,65,82,101,73",
                        "endOffsets": "269,383,448,514,597,699,773"
                    },
                    "to": {
                        "startLines": "30,31,32,33,34,35,36",
                        "startColumns": "4,4,4,4,4,4,4",
                        "startOffsets": "3039,3116,3234,3303,3373,3460,3566",
                        "endColumns": "76,117,68,69,86,105,77",
                        "endOffsets": "3111,3229,3298,3368,3455,3561,3639"
                    }
                },
                {
                    "source": "C:\\Users\\MAHABHARAT\\.gradle\\caches\\transforms-1\\files-1.1\\appcompat-v7-28.0.0.aar\\7cdc28d946ccd9c5d3ffd01dad291cea\\res\\values-be\\values-be.xml",
                    "from": {
                        "startLines": "2,3,4,5,6,7,8,9,10,11,12,13,14,15,16,17,18,19,20,21,22,23,24,25,26,27,28,29",
                        "startColumns": "4,4,4,4,4,4,4,4,4,4,4,4,4,4,4,4,4,4,4,4,4,4,4,4,4,4,4,4",
                        "startOffsets": "105,225,328,444,530,638,756,835,913,1005,1099,1195,1289,1385,1479,1575,1670,1762,1854,1937,2043,2149,2247,2355,2460,2565,2734,2834",
                        "endColumns": "119,102,115,85,107,117,78,77,91,93,95,93,95,93,95,94,91,91,82,105,105,97,107,104,104,168,99,80",
                        "endOffsets": "220,323,439,525,633,751,830,908,1000,1094,1190,1284,1380,1474,1570,1665,1757,1849,1932,2038,2144,2242,2350,2455,2560,2729,2829,2910"
                    },
                    "to": {
                        "startLines": "2,3,4,5,6,7,8,9,10,11,12,13,14,15,16,17,18,19,20,21,22,23,24,25,26,27,28,37",
                        "startColumns": "4,4,4,4,4,4,4,4,4,4,4,4,4,4,4,4,4,4,4,4,4,4,4,4,4,4,4,4",
                        "startOffsets": "105,225,328,444,530,638,756,835,913,1005,1099,1195,1289,1385,1479,1575,1670,1762,1854,1937,2043,2149,2247,2355,2460,2565,2734,3644",
                        "endColumns": "119,102,115,85,107,117,78,77,91,93,95,93,95,93,95,94,91,91,82,105,105,97,107,104,104,168,99,80",
                        "endOffsets": "220,323,439,525,633,751,830,908,1000,1094,1190,1284,1380,1474,1570,1665,1757,1849,1932,2038,2144,2242,2350,2455,2560,2729,2829,3720"
                    }
                },
                {
                    "source": "C:\\Users\\MAHABHARAT\\.gradle\\caches\\transforms-1\\files-1.1\\play-services-basement-16.0.1.aar\\35ca32aae7eaf67f291ffc9a1ff1eb67\\res\\values-be\\values.xml",
                    "from": {
                        "startLines": "4",
                        "startColumns": "0",
                        "startOffsets": "247",
                        "endColumns": "204",
                        "endOffsets": "451"
                    },
                    "to": {
                        "startLines": "29",
                        "startColumns": "4",
                        "startOffsets": "2834",
                        "endColumns": "204",
                        "endOffsets": "3034"
                    }
                },
                {
                    "source": "C:\\Users\\MAHABHARAT\\.gradle\\caches\\transforms-1\\files-1.1\\support-compat-28.0.0.aar\\7201e804f5bc9b087427a4d6a2a3ea38\\res\\values-be\\values-be.xml",
                    "from": {
                        "startLines": "2",
                        "startColumns": "4",
                        "startOffsets": "55",
                        "endColumns": "100",
                        "endOffsets": "151"
                    },
                    "to": {
                        "startLines": "38",
                        "startColumns": "4",
                        "startOffsets": "3725",
                        "endColumns": "100",
                        "endOffsets": "3821"
                    }
                }
            ]
        }
    ]
}