{
    "logs": [
        {
            "outputFile": "C:\\Users\\MAHABHARAT\\Desktop\\Android\\WALLPAPER\\app\\build\\intermediates\\incremental\\mergeReleaseResources\\merged.dir\\values-hy\\values-hy.xml",
            "map": [
                {
                    "source": "C:\\Users\\MAHABHARAT\\.gradle\\caches\\transforms-1\\files-1.1\\support-compat-28.0.0.aar\\7201e804f5bc9b087427a4d6a2a3ea38\\res\\values-hy\\values-hy.xml",
                    "from": {
                        "startLines": "2",
                        "startColumns": "4",
                        "startOffsets": "55",
                        "endColumns": "100",
                        "endOffsets": "151"
                    },
                    "to": {
                        "startLines": "38",
                        "startColumns": "4",
                        "startOffsets": "3697",
                        "endColumns": "100",
                        "endOffsets": "3793"
                    }
                },
                {
                    "source": "C:\\Users\\MAHABHARAT\\.gradle\\caches\\transforms-1\\files-1.1\\play-services-basement-16.0.1.aar\\35ca32aae7eaf67f291ffc9a1ff1eb67\\res\\values-hy\\values.xml",
                    "from": {
                        "startLines": "4",
                        "startColumns": "0",
                        "startOffsets": "247",
                        "endColumns": "209",
                        "endOffsets": "456"
                    },
                    "to": {
                        "startLines": "29",
                        "startColumns": "4",
                        "startOffsets": "2802",
                        "endColumns": "209",
                        "endOffsets": "3007"
                    }
                },
                {
                    "source": "C:\\Users\\MAHABHARAT\\.gradle\\caches\\transforms-1\\files-1.1\\appcompat-v7-28.0.0.aar\\7cdc28d946ccd9c5d3ffd01dad291cea\\res\\values-hy\\values-hy.xml",
                    "from": {
                        "startLines": "2,3,4,5,6,7,8,9,10,11,12,13,14,15,16,17,18,19,20,21,22,23,24,25,26,27,28,29",
                        "startColumns": "4,4,4,4,4,4,4,4,4,4,4,4,4,4,4,4,4,4,4,4,4,4,4,4,4,4,4,4",
                        "startOffsets": "105,208,309,419,508,614,729,811,892,983,1076,1172,1266,1367,1460,1555,1649,1740,1831,1916,2023,2130,2229,2339,2446,2546,2703,2802",
                        "endColumns": "102,100,109,88,105,114,81,80,90,92,95,93,100,92,94,93,90,90,84,106,106,98,109,106,99,156,98,81",
                        "endOffsets": "203,304,414,503,609,724,806,887,978,1071,1167,1261,1362,1455,1550,1644,1735,1826,1911,2018,2125,2224,2334,2441,2541,2698,2797,2879"
                    },
                    "to": {
                        "startLines": "2,3,4,5,6,7,8,9,10,11,12,13,14,15,16,17,18,19,20,21,22,23,24,25,26,27,28,37",
                        "startColumns": "4,4,4,4,4,4,4,4,4,4,4,4,4,4,4,4,4,4,4,4,4,4,4,4,4,4,4,4",
                        "startOffsets": "105,208,309,419,508,614,729,811,892,983,1076,1172,1266,1367,1460,1555,1649,1740,1831,1916,2023,2130,2229,2339,2446,2546,2703,3615",
                        "endColumns": "102,100,109,88,105,114,81,80,90,92,95,93,100,92,94,93,90,90,84,106,106,98,109,106,99,156,98,81",
                        "endOffsets": "203,304,414,503,609,724,806,887,978,1071,1167,1261,1362,1455,1550,1644,1735,1826,1911,2018,2125,2224,2334,2441,2541,2698,2797,3692"
                    }
                },
                {
                    "source": "C:\\Users\\MAHABHARAT\\.gradle\\caches\\transforms-1\\files-1.1\\play-services-ads-17.1.1.aar\\70954981208680dc04572d6e68790c4f\\res\\values-hy\\values.xml",
                    "from": {
                        "startLines": "4,5,6,7,8,9,10",
                        "startColumns": "0,0,0,0,0,0,0",
                        "startOffsets": "197,267,374,440,504,590,697",
                        "endColumns": "69,106,65,63,85,106,74",
                        "endOffsets": "266,373,439,503,589,696,771"
                    },
                    "to": {
                        "startLines": "30,31,32,33,34,35,36",
                        "startColumns": "4,4,4,4,4,4,4",
                        "startOffsets": "3012,3086,3197,3267,3335,3425,3536",
                        "endColumns": "73,110,69,67,89,110,78",
                        "endOffsets": "3081,3192,3262,3330,3420,3531,3610"
                    }
                }
            ]
        }
    ]
}