{
    "logs": [
        {
            "outputFile": "C:\\Users\\MAHABHARAT\\Desktop\\Android\\WALLPAPER\\app\\build\\intermediates\\incremental\\mergeReleaseResources\\merged.dir\\values-fa\\values-fa.xml",
            "map": [
                {
                    "source": "C:\\Users\\MAHABHARAT\\.gradle\\caches\\transforms-1\\files-1.1\\play-services-ads-17.1.1.aar\\70954981208680dc04572d6e68790c4f\\res\\values-fa\\values.xml",
                    "from": {
                        "startLines": "4,5,6,7,8,9,10",
                        "startColumns": "0,0,0,0,0,0,0",
                        "startOffsets": "197,265,380,445,511,587,691",
                        "endColumns": "67,114,64,65,75,103,69",
                        "endOffsets": "264,379,444,510,586,690,760"
                    },
                    "to": {
                        "startLines": "30,31,32,33,34,35,36",
                        "startColumns": "4,4,4,4,4,4,4",
                        "startOffsets": "3036,3108,3227,3296,3366,3446,3554",
                        "endColumns": "71,118,68,69,79,107,73",
                        "endOffsets": "3103,3222,3291,3361,3441,3549,3623"
                    }
                },
                {
                    "source": "C:\\Users\\MAHABHARAT\\.gradle\\caches\\transforms-1\\files-1.1\\play-services-basement-16.0.1.aar\\35ca32aae7eaf67f291ffc9a1ff1eb67\\res\\values-fa\\values.xml",
                    "from": {
                        "startLines": "4",
                        "startColumns": "0",
                        "startOffsets": "247",
                        "endColumns": "213",
                        "endOffsets": "460"
                    },
                    "to": {
                        "startLines": "29",
                        "startColumns": "4",
                        "startOffsets": "2822",
                        "endColumns": "213",
                        "endOffsets": "3031"
                    }
                },
                {
                    "source": "C:\\Users\\MAHABHARAT\\.gradle\\caches\\transforms-1\\files-1.1\\appcompat-v7-28.0.0.aar\\7cdc28d946ccd9c5d3ffd01dad291cea\\res\\values-fa\\values-fa.xml",
                    "from": {
                        "startLines": "2,3,4,5,6,7,8,9,10,11,12,13,14,15,16,17,18,19,20,21,22,23,24,25,26,27,28,29",
                        "startColumns": "4,4,4,4,4,4,4,4,4,4,4,4,4,4,4,4,4,4,4,4,4,4,4,4,4,4,4,4",
                        "startOffsets": "105,215,318,429,513,616,731,810,888,981,1076,1172,1266,1369,1464,1561,1660,1753,1843,1924,2036,2139,2237,2347,2451,2560,2721,2822",
                        "endColumns": "109,102,110,83,102,114,78,77,92,94,95,93,102,94,96,98,92,89,80,111,102,97,109,103,108,160,100,80",
                        "endOffsets": "210,313,424,508,611,726,805,883,976,1071,1167,1261,1364,1459,1556,1655,1748,1838,1919,2031,2134,2232,2342,2446,2555,2716,2817,2898"
                    },
                    "to": {
                        "startLines": "2,3,4,5,6,7,8,9,10,11,12,13,14,15,16,17,18,19,20,21,22,23,24,25,26,27,28,37",
                        "startColumns": "4,4,4,4,4,4,4,4,4,4,4,4,4,4,4,4,4,4,4,4,4,4,4,4,4,4,4,4",
                        "startOffsets": "105,215,318,429,513,616,731,810,888,981,1076,1172,1266,1369,1464,1561,1660,1753,1843,1924,2036,2139,2237,2347,2451,2560,2721,3628",
                        "endColumns": "109,102,110,83,102,114,78,77,92,94,95,93,102,94,96,98,92,89,80,111,102,97,109,103,108,160,100,80",
                        "endOffsets": "210,313,424,508,611,726,805,883,976,1071,1167,1261,1364,1459,1556,1655,1748,1838,1919,2031,2134,2232,2342,2446,2555,2716,2817,3704"
                    }
                },
                {
                    "source": "C:\\Users\\MAHABHARAT\\.gradle\\caches\\transforms-1\\files-1.1\\support-compat-28.0.0.aar\\7201e804f5bc9b087427a4d6a2a3ea38\\res\\values-fa\\values-fa.xml",
                    "from": {
                        "startLines": "2",
                        "startColumns": "4",
                        "startOffsets": "55",
                        "endColumns": "100",
                        "endOffsets": "151"
                    },
                    "to": {
                        "startLines": "38",
                        "startColumns": "4",
                        "startOffsets": "3709",
                        "endColumns": "100",
                        "endOffsets": "3805"
                    }
                }
            ]
        }
    ]
}