{
    "logs": [
        {
            "outputFile": "C:\\Users\\MAHABHARAT\\Desktop\\Android\\WALLPAPER\\app\\build\\intermediates\\incremental\\mergeReleaseResources\\merged.dir\\values-zh-rTW\\values-zh-rTW.xml",
            "map": [
                {
                    "source": "C:\\Users\\MAHABHARAT\\.gradle\\caches\\transforms-1\\files-1.1\\play-services-basement-16.0.1.aar\\35ca32aae7eaf67f291ffc9a1ff1eb67\\res\\values-zh-rTW\\values.xml",
                    "from": {
                        "startLines": "4",
                        "startColumns": "0",
                        "startOffsets": "251",
                        "endColumns": "161",
                        "endOffsets": "412"
                    },
                    "to": {
                        "startLines": "29",
                        "startColumns": "4",
                        "startOffsets": "2675",
                        "endColumns": "161",
                        "endOffsets": "2832"
                    }
                },
                {
                    "source": "C:\\Users\\MAHABHARAT\\.gradle\\caches\\transforms-1\\files-1.1\\appcompat-v7-28.0.0.aar\\7cdc28d946ccd9c5d3ffd01dad291cea\\res\\values-zh-rTW\\values-zh-rTW.xml",
                    "from": {
                        "startLines": "2,3,4,5,6,7,8,9,10,11,12,13,14,15,16,17,18,19,20,21,22,23,24,25,26,27,28,29",
                        "startColumns": "4,4,4,4,4,4,4,4,4,4,4,4,4,4,4,4,4,4,4,4,4,4,4,4,4,4,4,4",
                        "startOffsets": "105,200,293,393,475,572,680,756,832,924,1018,1116,1212,1308,1402,1498,1590,1682,1774,1852,1948,2044,2139,2236,2331,2431,2581,2675",
                        "endColumns": "94,92,99,81,96,107,75,75,91,93,97,95,95,93,95,91,91,91,77,95,95,94,96,94,99,149,93,77",
                        "endOffsets": "195,288,388,470,567,675,751,827,919,1013,1111,1207,1303,1397,1493,1585,1677,1769,1847,1943,2039,2134,2231,2326,2426,2576,2670,2748"
                    },
                    "to": {
                        "startLines": "2,3,4,5,6,7,8,9,10,11,12,13,14,15,16,17,18,19,20,21,22,23,24,25,26,27,28,37",
                        "startColumns": "4,4,4,4,4,4,4,4,4,4,4,4,4,4,4,4,4,4,4,4,4,4,4,4,4,4,4,4",
                        "startOffsets": "105,200,293,393,475,572,680,756,832,924,1018,1116,1212,1308,1402,1498,1590,1682,1774,1852,1948,2044,2139,2236,2331,2431,2581,3318",
                        "endColumns": "94,92,99,81,96,107,75,75,91,93,97,95,95,93,95,91,91,91,77,95,95,94,96,94,99,149,93,77",
                        "endOffsets": "195,288,388,470,567,675,751,827,919,1013,1111,1207,1303,1397,1493,1585,1677,1769,1847,1943,2039,2134,2231,2326,2426,2576,2670,3391"
                    }
                },
                {
                    "source": "C:\\Users\\MAHABHARAT\\.gradle\\caches\\transforms-1\\files-1.1\\support-compat-28.0.0.aar\\7201e804f5bc9b087427a4d6a2a3ea38\\res\\values-zh-rTW\\values-zh-rTW.xml",
                    "from": {
                        "startLines": "2",
                        "startColumns": "4",
                        "startOffsets": "55",
                        "endColumns": "100",
                        "endOffsets": "151"
                    },
                    "to": {
                        "startLines": "38",
                        "startColumns": "4",
                        "startOffsets": "3396",
                        "endColumns": "100",
                        "endOffsets": "3492"
                    }
                },
                {
                    "source": "C:\\Users\\MAHABHARAT\\.gradle\\caches\\transforms-1\\files-1.1\\play-services-ads-17.1.1.aar\\70954981208680dc04572d6e68790c4f\\res\\values-zh-rTW\\values.xml",
                    "from": {
                        "startLines": "4,5,6,7,8,9,10",
                        "startColumns": "0,0,0,0,0,0,0",
                        "startOffsets": "201,262,337,397,457,521,592",
                        "endColumns": "60,74,59,59,63,70,61",
                        "endOffsets": "261,336,396,456,520,591,653"
                    },
                    "to": {
                        "startLines": "30,31,32,33,34,35,36",
                        "startColumns": "4,4,4,4,4,4,4",
                        "startOffsets": "2837,2902,2981,3045,3109,3177,3252",
                        "endColumns": "64,78,63,63,67,74,65",
                        "endOffsets": "2897,2976,3040,3104,3172,3247,3313"
                    }
                }
            ]
        }
    ]
}