{
    "logs": [
        {
            "outputFile": "C:\\Users\\MAHABHARAT\\Desktop\\Android\\WALLPAPER\\app\\build\\intermediates\\incremental\\mergeReleaseResources\\merged.dir\\values-ml\\values-ml.xml",
            "map": [
                {
                    "source": "C:\\Users\\MAHABHARAT\\.gradle\\caches\\transforms-1\\files-1.1\\play-services-ads-17.1.1.aar\\70954981208680dc04572d6e68790c4f\\res\\values-ml\\values.xml",
                    "from": {
                        "startLines": "4,5,6,7,8,9,10",
                        "startColumns": "0,0,0,0,0,0,0",
                        "startOffsets": "197,273,390,460,528,611,717",
                        "endColumns": "75,116,69,67,82,105,76",
                        "endOffsets": "272,389,459,527,610,716,793"
                    },
                    "to": {
                        "startLines": "30,31,32,33,34,35,36",
                        "startColumns": "4,4,4,4,4,4,4",
                        "startOffsets": "3092,3172,3293,3367,3439,3526,3636",
                        "endColumns": "79,120,73,71,86,109,80",
                        "endOffsets": "3167,3288,3362,3434,3521,3631,3712"
                    }
                },
                {
                    "source": "C:\\Users\\MAHABHARAT\\.gradle\\caches\\transforms-1\\files-1.1\\support-compat-28.0.0.aar\\7201e804f5bc9b087427a4d6a2a3ea38\\res\\values-ml\\values-ml.xml",
                    "from": {
                        "startLines": "2",
                        "startColumns": "4",
                        "startOffsets": "55",
                        "endColumns": "100",
                        "endOffsets": "151"
                    },
                    "to": {
                        "startLines": "38",
                        "startColumns": "4",
                        "startOffsets": "3799",
                        "endColumns": "100",
                        "endOffsets": "3895"
                    }
                },
                {
                    "source": "C:\\Users\\MAHABHARAT\\.gradle\\caches\\transforms-1\\files-1.1\\appcompat-v7-28.0.0.aar\\7cdc28d946ccd9c5d3ffd01dad291cea\\res\\values-ml\\values-ml.xml",
                    "from": {
                        "startLines": "2,3,4,5,6,7,8,9,10,11,12,13,14,15,16,17,18,19,20,21,22,23,24,25,26,27,28,29",
                        "startColumns": "4,4,4,4,4,4,4,4,4,4,4,4,4,4,4,4,4,4,4,4,4,4,4,4,4,4,4,4",
                        "startOffsets": "105,224,342,457,550,655,787,864,940,1031,1124,1226,1320,1421,1515,1610,1709,1800,1891,1973,2084,2190,2288,2402,2502,2613,2772,2873",
                        "endColumns": "118,117,114,92,104,131,76,75,90,92,101,93,100,93,94,98,90,90,81,110,105,97,113,99,110,158,100,81",
                        "endOffsets": "219,337,452,545,650,782,859,935,1026,1119,1221,1315,1416,1510,1605,1704,1795,1886,1968,2079,2185,2283,2397,2497,2608,2767,2868,2950"
                    },
                    "to": {
                        "startLines": "2,3,4,5,6,7,8,9,10,11,12,13,14,15,16,17,18,19,20,21,22,23,24,25,26,27,28,37",
                        "startColumns": "4,4,4,4,4,4,4,4,4,4,4,4,4,4,4,4,4,4,4,4,4,4,4,4,4,4,4,4",
                        "startOffsets": "105,224,342,457,550,655,787,864,940,1031,1124,1226,1320,1421,1515,1610,1709,1800,1891,1973,2084,2190,2288,2402,2502,2613,2772,3717",
                        "endColumns": "118,117,114,92,104,131,76,75,90,92,101,93,100,93,94,98,90,90,81,110,105,97,113,99,110,158,100,81",
                        "endOffsets": "219,337,452,545,650,782,859,935,1026,1119,1221,1315,1416,1510,1605,1704,1795,1886,1968,2079,2185,2283,2397,2497,2608,2767,2868,3794"
                    }
                },
                {
                    "source": "C:\\Users\\MAHABHARAT\\.gradle\\caches\\transforms-1\\files-1.1\\play-services-basement-16.0.1.aar\\35ca32aae7eaf67f291ffc9a1ff1eb67\\res\\values-ml\\values.xml",
                    "from": {
                        "startLines": "4",
                        "startColumns": "0",
                        "startOffsets": "247",
                        "endColumns": "218",
                        "endOffsets": "465"
                    },
                    "to": {
                        "startLines": "29",
                        "startColumns": "4",
                        "startOffsets": "2873",
                        "endColumns": "218",
                        "endOffsets": "3087"
                    }
                }
            ]
        }
    ]
}