{
    "logs": [
        {
            "outputFile": "C:\\Users\\MAHABHARAT\\Desktop\\Android\\WALLPAPER\\app\\build\\intermediates\\incremental\\mergeReleaseResources\\merged.dir\\values-lo\\values-lo.xml",
            "map": [
                {
                    "source": "C:\\Users\\MAHABHARAT\\.gradle\\caches\\transforms-1\\files-1.1\\appcompat-v7-28.0.0.aar\\7cdc28d946ccd9c5d3ffd01dad291cea\\res\\values-lo\\values-lo.xml",
                    "from": {
                        "startLines": "2,3,4,5,6,7,8,9,10,11,12,13,14,15,16,17,18,19,20,21,22,23,24,25,26,27,28,29",
                        "startColumns": "4,4,4,4,4,4,4,4,4,4,4,4,4,4,4,4,4,4,4,4,4,4,4,4,4,4,4,4",
                        "startOffsets": "105,208,305,412,497,602,714,791,869,960,1053,1149,1243,1344,1437,1532,1626,1717,1808,1888,1995,2092,2190,2295,2398,2502,2659,2755",
                        "endColumns": "102,96,106,84,104,111,76,77,90,92,95,93,100,92,94,93,90,90,79,106,96,97,104,102,103,156,95,80",
                        "endOffsets": "203,300,407,492,597,709,786,864,955,1048,1144,1238,1339,1432,1527,1621,1712,1803,1883,1990,2087,2185,2290,2393,2497,2654,2750,2831"
                    },
                    "to": {
                        "startLines": "2,3,4,5,6,7,8,9,10,11,12,13,14,15,16,17,18,19,20,21,22,23,24,25,26,27,28,37",
                        "startColumns": "4,4,4,4,4,4,4,4,4,4,4,4,4,4,4,4,4,4,4,4,4,4,4,4,4,4,4,4",
                        "startOffsets": "105,208,305,412,497,602,714,791,869,960,1053,1149,1243,1344,1437,1532,1626,1717,1808,1888,1995,2092,2190,2295,2398,2502,2659,3522",
                        "endColumns": "102,96,106,84,104,111,76,77,90,92,95,93,100,92,94,93,90,90,79,106,96,97,104,102,103,156,95,80",
                        "endOffsets": "203,300,407,492,597,709,786,864,955,1048,1144,1238,1339,1432,1527,1621,1712,1803,1883,1990,2087,2185,2290,2393,2497,2654,2750,3598"
                    }
                },
                {
                    "source": "C:\\Users\\MAHABHARAT\\.gradle\\caches\\transforms-1\\files-1.1\\play-services-ads-17.1.1.aar\\70954981208680dc04572d6e68790c4f\\res\\values-lo\\values.xml",
                    "from": {
                        "startLines": "4,5,6,7,8,9,10",
                        "startColumns": "0,0,0,0,0,0,0",
                        "startOffsets": "197,266,374,438,503,578,675",
                        "endColumns": "68,107,63,64,74,96,69",
                        "endOffsets": "265,373,437,502,577,674,744"
                    },
                    "to": {
                        "startLines": "30,31,32,33,34,35,36",
                        "startColumns": "4,4,4,4,4,4,4",
                        "startOffsets": "2946,3019,3131,3199,3268,3347,3448",
                        "endColumns": "72,111,67,68,78,100,73",
                        "endOffsets": "3014,3126,3194,3263,3342,3443,3517"
                    }
                },
                {
                    "source": "C:\\Users\\MAHABHARAT\\.gradle\\caches\\transforms-1\\files-1.1\\play-services-basement-16.0.1.aar\\35ca32aae7eaf67f291ffc9a1ff1eb67\\res\\values-lo\\values.xml",
                    "from": {
                        "startLines": "4",
                        "startColumns": "0",
                        "startOffsets": "247",
                        "endColumns": "190",
                        "endOffsets": "437"
                    },
                    "to": {
                        "startLines": "29",
                        "startColumns": "4",
                        "startOffsets": "2755",
                        "endColumns": "190",
                        "endOffsets": "2941"
                    }
                },
                {
                    "source": "C:\\Users\\MAHABHARAT\\.gradle\\caches\\transforms-1\\files-1.1\\support-compat-28.0.0.aar\\7201e804f5bc9b087427a4d6a2a3ea38\\res\\values-lo\\values-lo.xml",
                    "from": {
                        "startLines": "2",
                        "startColumns": "4",
                        "startOffsets": "55",
                        "endColumns": "100",
                        "endOffsets": "151"
                    },
                    "to": {
                        "startLines": "38",
                        "startColumns": "4",
                        "startOffsets": "3603",
                        "endColumns": "100",
                        "endOffsets": "3699"
                    }
                }
            ]
        }
    ]
}