{
    "logs": [
        {
            "outputFile": "C:\\Users\\MAHABHARAT\\Desktop\\Android\\WALLPAPER\\app\\build\\intermediates\\incremental\\mergeReleaseResources\\merged.dir\\values-it\\values-it.xml",
            "map": [
                {
                    "source": "C:\\Users\\MAHABHARAT\\.gradle\\caches\\transforms-1\\files-1.1\\play-services-ads-17.1.1.aar\\70954981208680dc04572d6e68790c4f\\res\\values-it\\values.xml",
                    "from": {
                        "startLines": "4,5,6,7,8,9,10",
                        "startColumns": "0,0,0,0,0,0,0",
                        "startOffsets": "197,268,397,462,527,610,722",
                        "endColumns": "70,128,64,64,82,111,74",
                        "endOffsets": "267,396,461,526,609,721,796"
                    },
                    "to": {
                        "startLines": "30,31,32,33,34,35,36",
                        "startColumns": "4,4,4,4,4,4,4",
                        "startOffsets": "3018,3093,3226,3295,3364,3451,3567",
                        "endColumns": "74,132,68,68,86,115,78",
                        "endOffsets": "3088,3221,3290,3359,3446,3562,3641"
                    }
                },
                {
                    "source": "C:\\Users\\MAHABHARAT\\.gradle\\caches\\transforms-1\\files-1.1\\appcompat-v7-28.0.0.aar\\7cdc28d946ccd9c5d3ffd01dad291cea\\res\\values-it\\values-it.xml",
                    "from": {
                        "startLines": "2,3,4,5,6,7,8,9,10,11,12,13,14,15,16,17,18,19,20,21,22,23,24,25,26,27,28,29",
                        "startColumns": "4,4,4,4,4,4,4,4,4,4,4,4,4,4,4,4,4,4,4,4,4,4,4,4,4,4,4,4",
                        "startOffsets": "105,214,314,423,507,616,741,818,894,986,1080,1174,1268,1370,1464,1561,1667,1759,1851,1932,2038,2146,2244,2348,2453,2560,2723,2823",
                        "endColumns": "108,99,108,83,108,124,76,75,91,93,93,93,101,93,96,105,91,91,80,105,107,97,103,104,106,162,99,82",
                        "endOffsets": "209,309,418,502,611,736,813,889,981,1075,1169,1263,1365,1459,1556,1662,1754,1846,1927,2033,2141,2239,2343,2448,2555,2718,2818,2901"
                    },
                    "to": {
                        "startLines": "2,3,4,5,6,7,8,9,10,11,12,13,14,15,16,17,18,19,20,21,22,23,24,25,26,27,28,37",
                        "startColumns": "4,4,4,4,4,4,4,4,4,4,4,4,4,4,4,4,4,4,4,4,4,4,4,4,4,4,4,4",
                        "startOffsets": "105,214,314,423,507,616,741,818,894,986,1080,1174,1268,1370,1464,1561,1667,1759,1851,1932,2038,2146,2244,2348,2453,2560,2723,3646",
                        "endColumns": "108,99,108,83,108,124,76,75,91,93,93,93,101,93,96,105,91,91,80,105,107,97,103,104,106,162,99,82",
                        "endOffsets": "209,309,418,502,611,736,813,889,981,1075,1169,1263,1365,1459,1556,1662,1754,1846,1927,2033,2141,2239,2343,2448,2555,2718,2818,3724"
                    }
                },
                {
                    "source": "C:\\Users\\MAHABHARAT\\.gradle\\caches\\transforms-1\\files-1.1\\play-services-basement-16.0.1.aar\\35ca32aae7eaf67f291ffc9a1ff1eb67\\res\\values-it\\values.xml",
                    "from": {
                        "startLines": "4",
                        "startColumns": "0",
                        "startOffsets": "247",
                        "endColumns": "194",
                        "endOffsets": "441"
                    },
                    "to": {
                        "startLines": "29",
                        "startColumns": "4",
                        "startOffsets": "2823",
                        "endColumns": "194",
                        "endOffsets": "3013"
                    }
                },
                {
                    "source": "C:\\Users\\MAHABHARAT\\.gradle\\caches\\transforms-1\\files-1.1\\support-compat-28.0.0.aar\\7201e804f5bc9b087427a4d6a2a3ea38\\res\\values-it\\values-it.xml",
                    "from": {
                        "startLines": "2",
                        "startColumns": "4",
                        "startOffsets": "55",
                        "endColumns": "100",
                        "endOffsets": "151"
                    },
                    "to": {
                        "startLines": "38",
                        "startColumns": "4",
                        "startOffsets": "3729",
                        "endColumns": "100",
                        "endOffsets": "3825"
                    }
                }
            ]
        }
    ]
}