{
    "logs": [
        {
            "outputFile": "C:\\Users\\MAHABHARAT\\Desktop\\Android\\WALLPAPER\\app\\build\\intermediates\\incremental\\mergeReleaseResources\\merged.dir\\values-gl\\values-gl.xml",
            "map": [
                {
                    "source": "C:\\Users\\MAHABHARAT\\.gradle\\caches\\transforms-1\\files-1.1\\play-services-ads-17.1.1.aar\\70954981208680dc04572d6e68790c4f\\res\\values-gl\\values.xml",
                    "from": {
                        "startLines": "4,5,6,7,8,9,10",
                        "startColumns": "0,0,0,0,0,0,0",
                        "startOffsets": "197,266,391,456,522,606,723",
                        "endColumns": "68,124,64,65,83,116,71",
                        "endOffsets": "265,390,455,521,605,722,794"
                    },
                    "to": {
                        "startLines": "30,31,32,33,34,35,36",
                        "startColumns": "4,4,4,4,4,4,4",
                        "startOffsets": "3031,3104,3233,3302,3372,3460,3581",
                        "endColumns": "72,128,68,69,87,120,75",
                        "endOffsets": "3099,3228,3297,3367,3455,3576,3652"
                    }
                },
                {
                    "source": "C:\\Users\\MAHABHARAT\\.gradle\\caches\\transforms-1\\files-1.1\\support-compat-28.0.0.aar\\7201e804f5bc9b087427a4d6a2a3ea38\\res\\values-gl\\values-gl.xml",
                    "from": {
                        "startLines": "2",
                        "startColumns": "4",
                        "startOffsets": "55",
                        "endColumns": "100",
                        "endOffsets": "151"
                    },
                    "to": {
                        "startLines": "38",
                        "startColumns": "4",
                        "startOffsets": "3739",
                        "endColumns": "100",
                        "endOffsets": "3835"
                    }
                },
                {
                    "source": "C:\\Users\\MAHABHARAT\\.gradle\\caches\\transforms-1\\files-1.1\\appcompat-v7-28.0.0.aar\\7cdc28d946ccd9c5d3ffd01dad291cea\\res\\values-gl\\values-gl.xml",
                    "from": {
                        "startLines": "2,3,4,5,6,7,8,9,10,11,12,13,14,15,16,17,18,19,20,21,22,23,24,25,26,27,28,29",
                        "startColumns": "4,4,4,4,4,4,4,4,4,4,4,4,4,4,4,4,4,4,4,4,4,4,4,4,4,4,4,4",
                        "startOffsets": "105,217,329,437,522,624,750,834,915,1007,1101,1199,1293,1394,1488,1584,1679,1771,1863,1945,2052,2161,2260,2368,2472,2579,2738,2838",
                        "endColumns": "111,111,107,84,101,125,83,80,91,93,97,93,100,93,95,94,91,91,81,106,108,98,107,103,106,158,99,81",
                        "endOffsets": "212,324,432,517,619,745,829,910,1002,1096,1194,1288,1389,1483,1579,1674,1766,1858,1940,2047,2156,2255,2363,2467,2574,2733,2833,2915"
                    },
                    "to": {
                        "startLines": "2,3,4,5,6,7,8,9,10,11,12,13,14,15,16,17,18,19,20,21,22,23,24,25,26,27,28,37",
                        "startColumns": "4,4,4,4,4,4,4,4,4,4,4,4,4,4,4,4,4,4,4,4,4,4,4,4,4,4,4,4",
                        "startOffsets": "105,217,329,437,522,624,750,834,915,1007,1101,1199,1293,1394,1488,1584,1679,1771,1863,1945,2052,2161,2260,2368,2472,2579,2738,3657",
                        "endColumns": "111,111,107,84,101,125,83,80,91,93,97,93,100,93,95,94,91,91,81,106,108,98,107,103,106,158,99,81",
                        "endOffsets": "212,324,432,517,619,745,829,910,1002,1096,1194,1288,1389,1483,1579,1674,1766,1858,1940,2047,2156,2255,2363,2467,2574,2733,2833,3734"
                    }
                },
                {
                    "source": "C:\\Users\\MAHABHARAT\\.gradle\\caches\\transforms-1\\files-1.1\\play-services-basement-16.0.1.aar\\35ca32aae7eaf67f291ffc9a1ff1eb67\\res\\values-gl\\values.xml",
                    "from": {
                        "startLines": "4",
                        "startColumns": "0",
                        "startOffsets": "247",
                        "endColumns": "192",
                        "endOffsets": "439"
                    },
                    "to": {
                        "startLines": "29",
                        "startColumns": "4",
                        "startOffsets": "2838",
                        "endColumns": "192",
                        "endOffsets": "3026"
                    }
                }
            ]
        }
    ]
}