{
    "logs": [
        {
            "outputFile": "C:\\Users\\MAHABHARAT\\Desktop\\Android\\WALLPAPER\\app\\build\\intermediates\\incremental\\mergeReleaseResources\\merged.dir\\values-pt-rBR\\values-pt-rBR.xml",
            "map": [
                {
                    "source": "C:\\Users\\MAHABHARAT\\.gradle\\caches\\transforms-1\\files-1.1\\play-services-basement-16.0.1.aar\\35ca32aae7eaf67f291ffc9a1ff1eb67\\res\\values-pt-rBR\\values.xml",
                    "from": {
                        "startLines": "4",
                        "startColumns": "0",
                        "startOffsets": "251",
                        "endColumns": "203",
                        "endOffsets": "454"
                    },
                    "to": {
                        "startLines": "29",
                        "startColumns": "4",
                        "startOffsets": "2844",
                        "endColumns": "203",
                        "endOffsets": "3043"
                    }
                },
                {
                    "source": "C:\\Users\\MAHABHARAT\\.gradle\\caches\\transforms-1\\files-1.1\\support-compat-28.0.0.aar\\7201e804f5bc9b087427a4d6a2a3ea38\\res\\values-pt-rBR\\values-pt-rBR.xml",
                    "from": {
                        "startLines": "2",
                        "startColumns": "4",
                        "startOffsets": "55",
                        "endColumns": "100",
                        "endOffsets": "151"
                    },
                    "to": {
                        "startLines": "38",
                        "startColumns": "4",
                        "startOffsets": "3747",
                        "endColumns": "100",
                        "endOffsets": "3843"
                    }
                },
                {
                    "source": "C:\\Users\\MAHABHARAT\\.gradle\\caches\\transforms-1\\files-1.1\\appcompat-v7-28.0.0.aar\\7cdc28d946ccd9c5d3ffd01dad291cea\\res\\values-pt-rBR\\values-pt-rBR.xml",
                    "from": {
                        "startLines": "2,3,4,5,6,7,8,9,10,11,12,13,14,15,16,17,18,19,20,21,22,23,24,25,26,27,28,29",
                        "startColumns": "4,4,4,4,4,4,4,4,4,4,4,4,4,4,4,4,4,4,4,4,4,4,4,4,4,4,4,4",
                        "startOffsets": "105,225,331,438,527,628,746,829,909,1000,1093,1189,1283,1384,1477,1572,1667,1758,1849,1936,2043,2155,2257,2365,2472,2582,2744,2844",
                        "endColumns": "119,105,106,88,100,117,82,79,90,92,95,93,100,92,94,94,90,90,86,106,111,101,107,106,109,161,99,84",
                        "endOffsets": "220,326,433,522,623,741,824,904,995,1088,1184,1278,1379,1472,1567,1662,1753,1844,1931,2038,2150,2252,2360,2467,2577,2739,2839,2924"
                    },
                    "to": {
                        "startLines": "2,3,4,5,6,7,8,9,10,11,12,13,14,15,16,17,18,19,20,21,22,23,24,25,26,27,28,37",
                        "startColumns": "4,4,4,4,4,4,4,4,4,4,4,4,4,4,4,4,4,4,4,4,4,4,4,4,4,4,4,4",
                        "startOffsets": "105,225,331,438,527,628,746,829,909,1000,1093,1189,1283,1384,1477,1572,1667,1758,1849,1936,2043,2155,2257,2365,2472,2582,2744,3662",
                        "endColumns": "119,105,106,88,100,117,82,79,90,92,95,93,100,92,94,94,90,90,86,106,111,101,107,106,109,161,99,84",
                        "endOffsets": "220,326,433,522,623,741,824,904,995,1088,1184,1278,1379,1472,1567,1662,1753,1844,1931,2038,2150,2252,2360,2467,2577,2739,2839,3742"
                    }
                },
                {
                    "source": "C:\\Users\\MAHABHARAT\\.gradle\\caches\\transforms-1\\files-1.1\\play-services-ads-17.1.1.aar\\70954981208680dc04572d6e68790c4f\\res\\values-pt-rBR\\values.xml",
                    "from": {
                        "startLines": "4,5,6,7,8,9,10",
                        "startColumns": "0,0,0,0,0,0,0",
                        "startOffsets": "201,271,394,459,524,604,713",
                        "endColumns": "69,122,64,64,79,108,73",
                        "endOffsets": "270,393,458,523,603,712,786"
                    },
                    "to": {
                        "startLines": "30,31,32,33,34,35,36",
                        "startColumns": "4,4,4,4,4,4,4",
                        "startOffsets": "3048,3122,3249,3318,3387,3471,3584",
                        "endColumns": "73,126,68,68,83,112,77",
                        "endOffsets": "3117,3244,3313,3382,3466,3579,3657"
                    }
                }
            ]
        }
    ]
}