{
    "logs": [
        {
            "outputFile": "C:\\Users\\MAHABHARAT\\Desktop\\Android\\WALLPAPER\\app\\build\\intermediates\\incremental\\mergeReleaseResources\\merged.dir\\values-sl\\values-sl.xml",
            "map": [
                {
                    "source": "C:\\Users\\MAHABHARAT\\.gradle\\caches\\transforms-1\\files-1.1\\play-services-basement-16.0.1.aar\\35ca32aae7eaf67f291ffc9a1ff1eb67\\res\\values-sl\\values.xml",
                    "from": {
                        "startLines": "4",
                        "startColumns": "0",
                        "startOffsets": "247",
                        "endColumns": "198",
                        "endOffsets": "445"
                    },
                    "to": {
                        "startLines": "29",
                        "startColumns": "4",
                        "startOffsets": "2853",
                        "endColumns": "198",
                        "endOffsets": "3047"
                    }
                },
                {
                    "source": "C:\\Users\\MAHABHARAT\\.gradle\\caches\\transforms-1\\files-1.1\\appcompat-v7-28.0.0.aar\\7cdc28d946ccd9c5d3ffd01dad291cea\\res\\values-sl\\values-sl.xml",
                    "from": {
                        "startLines": "2,3,4,5,6,7,8,9,10,11,12,13,14,15,16,17,18,19,20,21,22,23,24,25,26,27,28,29",
                        "startColumns": "4,4,4,4,4,4,4,4,4,4,4,4,4,4,4,4,4,4,4,4,4,4,4,4,4,4,4,4",
                        "startOffsets": "105,212,319,427,514,617,736,821,905,997,1091,1187,1281,1377,1471,1567,1667,1759,1851,1935,2043,2152,2252,2365,2472,2576,2756,2853",
                        "endColumns": "106,106,107,86,102,118,84,83,91,93,95,93,95,93,95,99,91,91,83,107,108,99,112,106,103,179,96,82",
                        "endOffsets": "207,314,422,509,612,731,816,900,992,1086,1182,1276,1372,1466,1562,1662,1754,1846,1930,2038,2147,2247,2360,2467,2571,2751,2848,2931"
                    },
                    "to": {
                        "startLines": "2,3,4,5,6,7,8,9,10,11,12,13,14,15,16,17,18,19,20,21,22,23,24,25,26,27,28,37",
                        "startColumns": "4,4,4,4,4,4,4,4,4,4,4,4,4,4,4,4,4,4,4,4,4,4,4,4,4,4,4,4",
                        "startOffsets": "105,212,319,427,514,617,736,821,905,997,1091,1187,1281,1377,1471,1567,1667,1759,1851,1935,2043,2152,2252,2365,2472,2576,2756,3666",
                        "endColumns": "106,106,107,86,102,118,84,83,91,93,95,93,95,93,95,99,91,91,83,107,108,99,112,106,103,179,96,82",
                        "endOffsets": "207,314,422,509,612,731,816,900,992,1086,1182,1276,1372,1466,1562,1662,1754,1846,1930,2038,2147,2247,2360,2467,2571,2751,2848,3744"
                    }
                },
                {
                    "source": "C:\\Users\\MAHABHARAT\\.gradle\\caches\\transforms-1\\files-1.1\\play-services-ads-17.1.1.aar\\70954981208680dc04572d6e68790c4f\\res\\values-sl\\values.xml",
                    "from": {
                        "startLines": "4,5,6,7,8,9,10",
                        "startColumns": "0,0,0,0,0,0,0",
                        "startOffsets": "197,272,382,447,511,601,709",
                        "endColumns": "74,109,64,63,89,107,73",
                        "endOffsets": "271,381,446,510,600,708,782"
                    },
                    "to": {
                        "startLines": "30,31,32,33,34,35,36",
                        "startColumns": "4,4,4,4,4,4,4",
                        "startOffsets": "3052,3131,3245,3314,3382,3476,3588",
                        "endColumns": "78,113,68,67,93,111,77",
                        "endOffsets": "3126,3240,3309,3377,3471,3583,3661"
                    }
                },
                {
                    "source": "C:\\Users\\MAHABHARAT\\.gradle\\caches\\transforms-1\\files-1.1\\support-compat-28.0.0.aar\\7201e804f5bc9b087427a4d6a2a3ea38\\res\\values-sl\\values-sl.xml",
                    "from": {
                        "startLines": "2",
                        "startColumns": "4",
                        "startOffsets": "55",
                        "endColumns": "100",
                        "endOffsets": "151"
                    },
                    "to": {
                        "startLines": "38",
                        "startColumns": "4",
                        "startOffsets": "3749",
                        "endColumns": "100",
                        "endOffsets": "3845"
                    }
                }
            ]
        }
    ]
}