{
    "logs": [
        {
            "outputFile": "C:\\Users\\MAHABHARAT\\Desktop\\Android\\WALLPAPER\\app\\build\\intermediates\\incremental\\mergeReleaseResources\\merged.dir\\values-pt-rPT\\values-pt-rPT.xml",
            "map": [
                {
                    "source": "C:\\Users\\MAHABHARAT\\.gradle\\caches\\transforms-1\\files-1.1\\appcompat-v7-28.0.0.aar\\7cdc28d946ccd9c5d3ffd01dad291cea\\res\\values-pt-rPT\\values-pt-rPT.xml",
                    "from": {
                        "startLines": "2,3,4,5,6,7,8,9,10,11,12,13,14,15,16,17,18,19,20,21,22,23,24,25,26,27,28,29",
                        "startColumns": "4,4,4,4,4,4,4,4,4,4,4,4,4,4,4,4,4,4,4,4,4,4,4,4,4,4,4,4",
                        "startOffsets": "105,225,331,438,527,628,752,836,917,1009,1103,1201,1295,1395,1489,1585,1680,1772,1864,1951,2058,2170,2272,2380,2487,2594,2765,2864",
                        "endColumns": "119,105,106,88,100,123,83,80,91,93,97,93,99,93,95,94,91,91,86,106,111,101,107,106,106,170,98,84",
                        "endOffsets": "220,326,433,522,623,747,831,912,1004,1098,1196,1290,1390,1484,1580,1675,1767,1859,1946,2053,2165,2267,2375,2482,2589,2760,2859,2944"
                    },
                    "to": {
                        "startLines": "2,3,4,5,6,7,8,9,10,11,12,13,14,15,16,17,18,19,20,21,22,23,24,25,26,27,28,37",
                        "startColumns": "4,4,4,4,4,4,4,4,4,4,4,4,4,4,4,4,4,4,4,4,4,4,4,4,4,4,4,4",
                        "startOffsets": "105,225,331,438,527,628,752,836,917,1009,1103,1201,1295,1395,1489,1585,1680,1772,1864,1951,2058,2170,2272,2380,2487,2594,2765,3702",
                        "endColumns": "119,105,106,88,100,123,83,80,91,93,97,93,99,93,95,94,91,91,86,106,111,101,107,106,106,170,98,84",
                        "endOffsets": "220,326,433,522,623,747,831,912,1004,1098,1196,1290,1390,1484,1580,1675,1767,1859,1946,2053,2165,2267,2375,2482,2589,2760,2859,3782"
                    }
                },
                {
                    "source": "C:\\Users\\MAHABHARAT\\.gradle\\caches\\transforms-1\\files-1.1\\play-services-ads-17.1.1.aar\\70954981208680dc04572d6e68790c4f\\res\\values-pt-rPT\\values.xml",
                    "from": {
                        "startLines": "4,5,6,7,8,9,10",
                        "startColumns": "0,0,0,0,0,0,0",
                        "startOffsets": "201,272,402,467,532,616,733",
                        "endColumns": "70,129,64,64,83,116,73",
                        "endOffsets": "271,401,466,531,615,732,806"
                    },
                    "to": {
                        "startLines": "30,31,32,33,34,35,36",
                        "startColumns": "4,4,4,4,4,4,4",
                        "startOffsets": "3068,3143,3277,3346,3415,3503,3624",
                        "endColumns": "74,133,68,68,87,120,77",
                        "endOffsets": "3138,3272,3341,3410,3498,3619,3697"
                    }
                },
                {
                    "source": "C:\\Users\\MAHABHARAT\\.gradle\\caches\\transforms-1\\files-1.1\\play-services-basement-16.0.1.aar\\35ca32aae7eaf67f291ffc9a1ff1eb67\\res\\values-pt-rPT\\values.xml",
                    "from": {
                        "startLines": "4",
                        "startColumns": "0",
                        "startOffsets": "251",
                        "endColumns": "203",
                        "endOffsets": "454"
                    },
                    "to": {
                        "startLines": "29",
                        "startColumns": "4",
                        "startOffsets": "2864",
                        "endColumns": "203",
                        "endOffsets": "3063"
                    }
                },
                {
                    "source": "C:\\Users\\MAHABHARAT\\.gradle\\caches\\transforms-1\\files-1.1\\support-compat-28.0.0.aar\\7201e804f5bc9b087427a4d6a2a3ea38\\res\\values-pt-rPT\\values-pt-rPT.xml",
                    "from": {
                        "startLines": "2",
                        "startColumns": "4",
                        "startOffsets": "55",
                        "endColumns": "100",
                        "endOffsets": "151"
                    },
                    "to": {
                        "startLines": "38",
                        "startColumns": "4",
                        "startOffsets": "3787",
                        "endColumns": "100",
                        "endOffsets": "3883"
                    }
                }
            ]
        }
    ]
}