{
    "logs": [
        {
            "outputFile": "C:\\Users\\MAHABHARAT\\Desktop\\Android\\WALLPAPER\\app\\build\\intermediates\\incremental\\mergeReleaseResources\\merged.dir\\values-ta\\values-ta.xml",
            "map": [
                {
                    "source": "C:\\Users\\MAHABHARAT\\.gradle\\caches\\transforms-1\\files-1.1\\support-compat-28.0.0.aar\\7201e804f5bc9b087427a4d6a2a3ea38\\res\\values-ta\\values-ta.xml",
                    "from": {
                        "startLines": "2",
                        "startColumns": "4",
                        "startOffsets": "55",
                        "endColumns": "100",
                        "endOffsets": "151"
                    },
                    "to": {
                        "startLines": "38",
                        "startColumns": "4",
                        "startOffsets": "3787",
                        "endColumns": "100",
                        "endOffsets": "3883"
                    }
                },
                {
                    "source": "C:\\Users\\MAHABHARAT\\.gradle\\caches\\transforms-1\\files-1.1\\appcompat-v7-28.0.0.aar\\7cdc28d946ccd9c5d3ffd01dad291cea\\res\\values-ta\\values-ta.xml",
                    "from": {
                        "startLines": "2,3,4,5,6,7,8,9,10,11,12,13,14,15,16,17,18,19,20,21,22,23,24,25,26,27,28,29",
                        "startColumns": "4,4,4,4,4,4,4,4,4,4,4,4,4,4,4,4,4,4,4,4,4,4,4,4,4,4,4,4",
                        "startOffsets": "105,219,317,432,521,628,754,832,909,1009,1114,1210,1305,1412,1514,1618,1713,1815,1913,1995,2097,2201,2298,2408,2510,2617,2774,2874",
                        "endColumns": "113,97,114,88,106,125,77,76,99,104,95,94,106,101,103,94,101,97,81,101,103,96,109,101,106,156,99,79",
                        "endOffsets": "214,312,427,516,623,749,827,904,1004,1109,1205,1300,1407,1509,1613,1708,1810,1908,1990,2092,2196,2293,2403,2505,2612,2769,2869,2949"
                    },
                    "to": {
                        "startLines": "2,3,4,5,6,7,8,9,10,11,12,13,14,15,16,17,18,19,20,21,22,23,24,25,26,27,28,37",
                        "startColumns": "4,4,4,4,4,4,4,4,4,4,4,4,4,4,4,4,4,4,4,4,4,4,4,4,4,4,4,4",
                        "startOffsets": "105,219,317,432,521,628,754,832,909,1009,1114,1210,1305,1412,1514,1618,1713,1815,1913,1995,2097,2201,2298,2408,2510,2617,2774,3707",
                        "endColumns": "113,97,114,88,106,125,77,76,99,104,95,94,106,101,103,94,101,97,81,101,103,96,109,101,106,156,99,79",
                        "endOffsets": "214,312,427,516,623,749,827,904,1004,1109,1205,1300,1407,1509,1613,1708,1810,1908,1990,2092,2196,2293,2403,2505,2612,2769,2869,3782"
                    }
                },
                {
                    "source": "C:\\Users\\MAHABHARAT\\.gradle\\caches\\transforms-1\\files-1.1\\play-services-basement-16.0.1.aar\\35ca32aae7eaf67f291ffc9a1ff1eb67\\res\\values-ta\\values.xml",
                    "from": {
                        "startLines": "4",
                        "startColumns": "0",
                        "startOffsets": "247",
                        "endColumns": "224",
                        "endOffsets": "471"
                    },
                    "to": {
                        "startLines": "29",
                        "startColumns": "4",
                        "startOffsets": "2874",
                        "endColumns": "224",
                        "endOffsets": "3094"
                    }
                },
                {
                    "source": "C:\\Users\\MAHABHARAT\\.gradle\\caches\\transforms-1\\files-1.1\\play-services-ads-17.1.1.aar\\70954981208680dc04572d6e68790c4f\\res\\values-ta\\values.xml",
                    "from": {
                        "startLines": "4,5,6,7,8,9,10",
                        "startColumns": "0,0,0,0,0,0,0",
                        "startOffsets": "197,267,380,444,509,594,704",
                        "endColumns": "69,112,63,64,84,109,72",
                        "endOffsets": "266,379,443,508,593,703,776"
                    },
                    "to": {
                        "startLines": "30,31,32,33,34,35,36",
                        "startColumns": "4,4,4,4,4,4,4",
                        "startOffsets": "3099,3173,3290,3358,3427,3516,3630",
                        "endColumns": "73,116,67,68,88,113,76",
                        "endOffsets": "3168,3285,3353,3422,3511,3625,3702"
                    }
                }
            ]
        }
    ]
}