{
    "logs": [
        {
            "outputFile": "C:\\Users\\MAHABHARAT\\Desktop\\Android\\WALLPAPER\\app\\build\\intermediates\\incremental\\mergeReleaseResources\\merged.dir\\values-nl\\values-nl.xml",
            "map": [
                {
                    "source": "C:\\Users\\MAHABHARAT\\.gradle\\caches\\transforms-1\\files-1.1\\play-services-ads-17.1.1.aar\\70954981208680dc04572d6e68790c4f\\res\\values-nl\\values.xml",
                    "from": {
                        "startLines": "4,5,6,7,8,9,10",
                        "startColumns": "0,0,0,0,0,0,0",
                        "startOffsets": "197,272,392,460,526,605,716",
                        "endColumns": "74,119,67,65,78,110,72",
                        "endOffsets": "271,391,459,525,604,715,788"
                    },
                    "to": {
                        "startLines": "30,31,32,33,34,35,36",
                        "startColumns": "4,4,4,4,4,4,4",
                        "startOffsets": "3041,3120,3244,3316,3386,3469,3584",
                        "endColumns": "78,123,71,69,82,114,76",
                        "endOffsets": "3115,3239,3311,3381,3464,3579,3656"
                    }
                },
                {
                    "source": "C:\\Users\\MAHABHARAT\\.gradle\\caches\\transforms-1\\files-1.1\\support-compat-28.0.0.aar\\7201e804f5bc9b087427a4d6a2a3ea38\\res\\values-nl\\values-nl.xml",
                    "from": {
                        "startLines": "2",
                        "startColumns": "4",
                        "startOffsets": "55",
                        "endColumns": "100",
                        "endOffsets": "151"
                    },
                    "to": {
                        "startLines": "38",
                        "startColumns": "4",
                        "startOffsets": "3743",
                        "endColumns": "100",
                        "endOffsets": "3839"
                    }
                },
                {
                    "source": "C:\\Users\\MAHABHARAT\\.gradle\\caches\\transforms-1\\files-1.1\\play-services-basement-16.0.1.aar\\35ca32aae7eaf67f291ffc9a1ff1eb67\\res\\values-nl\\values.xml",
                    "from": {
                        "startLines": "4",
                        "startColumns": "0",
                        "startOffsets": "247",
                        "endColumns": "201",
                        "endOffsets": "448"
                    },
                    "to": {
                        "startLines": "29",
                        "startColumns": "4",
                        "startOffsets": "2839",
                        "endColumns": "201",
                        "endOffsets": "3036"
                    }
                },
                {
                    "source": "C:\\Users\\MAHABHARAT\\.gradle\\caches\\transforms-1\\files-1.1\\appcompat-v7-28.0.0.aar\\7cdc28d946ccd9c5d3ffd01dad291cea\\res\\values-nl\\values-nl.xml",
                    "from": {
                        "startLines": "2,3,4,5,6,7,8,9,10,11,12,13,14,15,16,17,18,19,20,21,22,23,24,25,26,27,28,29",
                        "startColumns": "4,4,4,4,4,4,4,4,4,4,4,4,4,4,4,4,4,4,4,4,4,4,4,4,4,4,4,4",
                        "startOffsets": "105,223,328,435,521,629,749,826,903,995,1089,1190,1284,1385,1479,1575,1670,1762,1854,1936,2047,2151,2250,2365,2478,2581,2736,2839",
                        "endColumns": "117,104,106,85,107,119,76,76,91,93,100,93,100,93,95,94,91,91,81,110,103,98,114,112,102,154,102,81",
                        "endOffsets": "218,323,430,516,624,744,821,898,990,1084,1185,1279,1380,1474,1570,1665,1757,1849,1931,2042,2146,2245,2360,2473,2576,2731,2834,2916"
                    },
                    "to": {
                        "startLines": "2,3,4,5,6,7,8,9,10,11,12,13,14,15,16,17,18,19,20,21,22,23,24,25,26,27,28,37",
                        "startColumns": "4,4,4,4,4,4,4,4,4,4,4,4,4,4,4,4,4,4,4,4,4,4,4,4,4,4,4,4",
                        "startOffsets": "105,223,328,435,521,629,749,826,903,995,1089,1190,1284,1385,1479,1575,1670,1762,1854,1936,2047,2151,2250,2365,2478,2581,2736,3661",
                        "endColumns": "117,104,106,85,107,119,76,76,91,93,100,93,100,93,95,94,91,91,81,110,103,98,114,112,102,154,102,81",
                        "endOffsets": "218,323,430,516,624,744,821,898,990,1084,1185,1279,1380,1474,1570,1665,1757,1849,1931,2042,2146,2245,2360,2473,2576,2731,2834,3738"
                    }
                }
            ]
        }
    ]
}