{
    "logs": [
        {
            "outputFile": "C:\\Users\\MAHABHARAT\\Desktop\\Android\\WALLPAPER\\app\\build\\intermediates\\incremental\\mergeReleaseResources\\merged.dir\\values-pl\\values-pl.xml",
            "map": [
                {
                    "source": "C:\\Users\\MAHABHARAT\\.gradle\\caches\\transforms-1\\files-1.1\\play-services-basement-16.0.1.aar\\35ca32aae7eaf67f291ffc9a1ff1eb67\\res\\values-pl\\values.xml",
                    "from": {
                        "startLines": "4",
                        "startColumns": "0",
                        "startOffsets": "247",
                        "endColumns": "198",
                        "endOffsets": "445"
                    },
                    "to": {
                        "startLines": "29",
                        "startColumns": "4",
                        "startOffsets": "2827",
                        "endColumns": "198",
                        "endOffsets": "3021"
                    }
                },
                {
                    "source": "C:\\Users\\MAHABHARAT\\.gradle\\caches\\transforms-1\\files-1.1\\support-compat-28.0.0.aar\\7201e804f5bc9b087427a4d6a2a3ea38\\res\\values-pl\\values-pl.xml",
                    "from": {
                        "startLines": "2",
                        "startColumns": "4",
                        "startOffsets": "55",
                        "endColumns": "100",
                        "endOffsets": "151"
                    },
                    "to": {
                        "startLines": "38",
                        "startColumns": "4",
                        "startOffsets": "3724",
                        "endColumns": "100",
                        "endOffsets": "3820"
                    }
                },
                {
                    "source": "C:\\Users\\MAHABHARAT\\.gradle\\caches\\transforms-1\\files-1.1\\appcompat-v7-28.0.0.aar\\7cdc28d946ccd9c5d3ffd01dad291cea\\res\\values-pl\\values-pl.xml",
                    "from": {
                        "startLines": "2,3,4,5,6,7,8,9,10,11,12,13,14,15,16,17,18,19,20,21,22,23,24,25,26,27,28,29",
                        "startColumns": "4,4,4,4,4,4,4,4,4,4,4,4,4,4,4,4,4,4,4,4,4,4,4,4,4,4,4,4",
                        "startOffsets": "105,221,323,431,517,626,745,823,900,991,1084,1180,1274,1376,1469,1564,1659,1750,1841,1923,2032,2141,2240,2349,2460,2568,2731,2827",
                        "endColumns": "115,101,107,85,108,118,77,76,90,92,95,93,101,92,94,94,90,90,81,108,108,98,108,110,107,162,95,81",
                        "endOffsets": "216,318,426,512,621,740,818,895,986,1079,1175,1269,1371,1464,1559,1654,1745,1836,1918,2027,2136,2235,2344,2455,2563,2726,2822,2904"
                    },
                    "to": {
                        "startLines": "2,3,4,5,6,7,8,9,10,11,12,13,14,15,16,17,18,19,20,21,22,23,24,25,26,27,28,37",
                        "startColumns": "4,4,4,4,4,4,4,4,4,4,4,4,4,4,4,4,4,4,4,4,4,4,4,4,4,4,4,4",
                        "startOffsets": "105,221,323,431,517,626,745,823,900,991,1084,1180,1274,1376,1469,1564,1659,1750,1841,1923,2032,2141,2240,2349,2460,2568,2731,3642",
                        "endColumns": "115,101,107,85,108,118,77,76,90,92,95,93,101,92,94,94,90,90,81,108,108,98,108,110,107,162,95,81",
                        "endOffsets": "216,318,426,512,621,740,818,895,986,1079,1175,1269,1371,1464,1559,1654,1745,1836,1918,2027,2136,2235,2344,2455,2563,2726,2822,3719"
                    }
                },
                {
                    "source": "C:\\Users\\MAHABHARAT\\.gradle\\caches\\transforms-1\\files-1.1\\play-services-ads-17.1.1.aar\\70954981208680dc04572d6e68790c4f\\res\\values-pl\\values.xml",
                    "from": {
                        "startLines": "4,5,6,7,8,9,10",
                        "startColumns": "0,0,0,0,0,0,0",
                        "startOffsets": "197,266,378,446,510,598,712",
                        "endColumns": "68,111,67,63,87,113,72",
                        "endOffsets": "265,377,445,509,597,711,784"
                    },
                    "to": {
                        "startLines": "30,31,32,33,34,35,36",
                        "startColumns": "4,4,4,4,4,4,4",
                        "startOffsets": "3026,3099,3215,3287,3355,3447,3565",
                        "endColumns": "72,115,71,67,91,117,76",
                        "endOffsets": "3094,3210,3282,3350,3442,3560,3637"
                    }
                }
            ]
        }
    ]
}