{
    "logs": [
        {
            "outputFile": "C:\\Users\\MAHABHARAT\\Desktop\\Android\\WALLPAPER\\app\\build\\intermediates\\incremental\\mergeReleaseResources\\merged.dir\\values-in\\values-in.xml",
            "map": [
                {
                    "source": "C:\\Users\\MAHABHARAT\\.gradle\\caches\\transforms-1\\files-1.1\\appcompat-v7-28.0.0.aar\\7cdc28d946ccd9c5d3ffd01dad291cea\\res\\values-in\\values-in.xml",
                    "from": {
                        "startLines": "2,3,4,5,6,7,8,9,10,11,12,13,14,15,16,17,18,19,20,21,22,23,24,25,26,27,28,29",
                        "startColumns": "4,4,4,4,4,4,4,4,4,4,4,4,4,4,4,4,4,4,4,4,4,4,4,4,4,4,4,4",
                        "startOffsets": "105,215,317,422,509,613,729,811,890,981,1074,1170,1264,1365,1458,1553,1647,1738,1829,1915,2018,2127,2228,2332,2440,2548,2704,2803",
                        "endColumns": "109,101,104,86,103,115,81,78,90,92,95,93,100,92,94,93,90,90,85,102,108,100,103,107,107,155,98,83",
                        "endOffsets": "210,312,417,504,608,724,806,885,976,1069,1165,1259,1360,1453,1548,1642,1733,1824,1910,2013,2122,2223,2327,2435,2543,2699,2798,2882"
                    },
                    "to": {
                        "startLines": "2,3,4,5,6,7,8,9,10,11,12,13,14,15,16,17,18,19,20,21,22,23,24,25,26,27,28,37",
                        "startColumns": "4,4,4,4,4,4,4,4,4,4,4,4,4,4,4,4,4,4,4,4,4,4,4,4,4,4,4,4",
                        "startOffsets": "105,215,317,422,509,613,729,811,890,981,1074,1170,1264,1365,1458,1553,1647,1738,1829,1915,2018,2127,2228,2332,2440,2548,2704,3562",
                        "endColumns": "109,101,104,86,103,115,81,78,90,92,95,93,100,92,94,93,90,90,85,102,108,100,103,107,107,155,98,83",
                        "endOffsets": "210,312,417,504,608,724,806,885,976,1069,1165,1259,1360,1453,1548,1642,1733,1824,1910,2013,2122,2223,2327,2435,2543,2699,2798,3641"
                    }
                },
                {
                    "source": "C:\\Users\\MAHABHARAT\\.gradle\\caches\\transforms-1\\files-1.1\\support-compat-28.0.0.aar\\7201e804f5bc9b087427a4d6a2a3ea38\\res\\values-in\\values-in.xml",
                    "from": {
                        "startLines": "2",
                        "startColumns": "4",
                        "startOffsets": "55",
                        "endColumns": "100",
                        "endOffsets": "151"
                    },
                    "to": {
                        "startLines": "38",
                        "startColumns": "4",
                        "startOffsets": "3646",
                        "endColumns": "100",
                        "endOffsets": "3742"
                    }
                },
                {
                    "source": "C:\\Users\\MAHABHARAT\\.gradle\\caches\\transforms-1\\files-1.1\\play-services-basement-16.0.1.aar\\35ca32aae7eaf67f291ffc9a1ff1eb67\\res\\values-in\\values.xml",
                    "from": {
                        "startLines": "4",
                        "startColumns": "0",
                        "startOffsets": "247",
                        "endColumns": "190",
                        "endOffsets": "437"
                    },
                    "to": {
                        "startLines": "29",
                        "startColumns": "4",
                        "startOffsets": "2803",
                        "endColumns": "190",
                        "endOffsets": "2989"
                    }
                },
                {
                    "source": "C:\\Users\\MAHABHARAT\\.gradle\\caches\\transforms-1\\files-1.1\\play-services-ads-17.1.1.aar\\70954981208680dc04572d6e68790c4f\\res\\values-in\\values.xml",
                    "from": {
                        "startLines": "4,5,6,7,8,9,10",
                        "startColumns": "0,0,0,0,0,0,0",
                        "startOffsets": "197,267,371,435,498,575,670",
                        "endColumns": "69,103,63,62,76,94,66",
                        "endOffsets": "266,370,434,497,574,669,736"
                    },
                    "to": {
                        "startLines": "30,31,32,33,34,35,36",
                        "startColumns": "4,4,4,4,4,4,4",
                        "startOffsets": "2994,3068,3176,3244,3311,3392,3491",
                        "endColumns": "73,107,67,66,80,98,70",
                        "endOffsets": "3063,3171,3239,3306,3387,3486,3557"
                    }
                }
            ]
        }
    ]
}