{
    "logs": [
        {
            "outputFile": "C:\\Users\\MAHABHARAT\\Desktop\\Android\\WALLPAPER\\app\\build\\intermediates\\incremental\\mergeReleaseResources\\merged.dir\\values-te\\values-te.xml",
            "map": [
                {
                    "source": "C:\\Users\\MAHABHARAT\\.gradle\\caches\\transforms-1\\files-1.1\\appcompat-v7-28.0.0.aar\\7cdc28d946ccd9c5d3ffd01dad291cea\\res\\values-te\\values-te.xml",
                    "from": {
                        "startLines": "2,3,4,5,6,7,8,9,10,11,12,13,14,15,16,17,18,19,20,21,22,23,24,25,26,27,28,29",
                        "startColumns": "4,4,4,4,4,4,4,4,4,4,4,4,4,4,4,4,4,4,4,4,4,4,4,4,4,4,4,4",
                        "startOffsets": "105,219,328,439,529,634,759,841,923,1014,1107,1203,1297,1398,1491,1586,1681,1772,1863,1947,2060,2168,2267,2378,2480,2597,2763,2864",
                        "endColumns": "113,108,110,89,104,124,81,81,90,92,95,93,100,92,94,94,90,90,83,112,107,98,110,101,116,165,100,81",
                        "endOffsets": "214,323,434,524,629,754,836,918,1009,1102,1198,1292,1393,1486,1581,1676,1767,1858,1942,2055,2163,2262,2373,2475,2592,2758,2859,2941"
                    },
                    "to": {
                        "startLines": "2,3,4,5,6,7,8,9,10,11,12,13,14,15,16,17,18,19,20,21,22,23,24,25,26,27,28,37",
                        "startColumns": "4,4,4,4,4,4,4,4,4,4,4,4,4,4,4,4,4,4,4,4,4,4,4,4,4,4,4,4",
                        "startOffsets": "105,219,328,439,529,634,759,841,923,1014,1107,1203,1297,1398,1491,1586,1681,1772,1863,1947,2060,2168,2267,2378,2480,2597,2763,3708",
                        "endColumns": "113,108,110,89,104,124,81,81,90,92,95,93,100,92,94,94,90,90,83,112,107,98,110,101,116,165,100,81",
                        "endOffsets": "214,323,434,524,629,754,836,918,1009,1102,1198,1292,1393,1486,1581,1676,1767,1858,1942,2055,2163,2262,2373,2475,2592,2758,2859,3785"
                    }
                },
                {
                    "source": "C:\\Users\\MAHABHARAT\\.gradle\\caches\\transforms-1\\files-1.1\\play-services-basement-16.0.1.aar\\35ca32aae7eaf67f291ffc9a1ff1eb67\\res\\values-te\\values.xml",
                    "from": {
                        "startLines": "4",
                        "startColumns": "0",
                        "startOffsets": "247",
                        "endColumns": "198",
                        "endOffsets": "445"
                    },
                    "to": {
                        "startLines": "29",
                        "startColumns": "4",
                        "startOffsets": "2864",
                        "endColumns": "198",
                        "endOffsets": "3058"
                    }
                },
                {
                    "source": "C:\\Users\\MAHABHARAT\\.gradle\\caches\\transforms-1\\files-1.1\\play-services-ads-17.1.1.aar\\70954981208680dc04572d6e68790c4f\\res\\values-te\\values.xml",
                    "from": {
                        "startLines": "4,5,6,7,8,9,10",
                        "startColumns": "0,0,0,0,0,0,0",
                        "startOffsets": "197,274,396,463,532,620,735",
                        "endColumns": "76,121,66,68,87,114,78",
                        "endOffsets": "273,395,462,531,619,734,813"
                    },
                    "to": {
                        "startLines": "30,31,32,33,34,35,36",
                        "startColumns": "4,4,4,4,4,4,4",
                        "startOffsets": "3063,3144,3270,3341,3414,3506,3625",
                        "endColumns": "80,125,70,72,91,118,82",
                        "endOffsets": "3139,3265,3336,3409,3501,3620,3703"
                    }
                },
                {
                    "source": "C:\\Users\\MAHABHARAT\\.gradle\\caches\\transforms-1\\files-1.1\\support-compat-28.0.0.aar\\7201e804f5bc9b087427a4d6a2a3ea38\\res\\values-te\\values-te.xml",
                    "from": {
                        "startLines": "2",
                        "startColumns": "4",
                        "startOffsets": "55",
                        "endColumns": "100",
                        "endOffsets": "151"
                    },
                    "to": {
                        "startLines": "38",
                        "startColumns": "4",
                        "startOffsets": "3790",
                        "endColumns": "100",
                        "endOffsets": "3886"
                    }
                }
            ]
        }
    ]
}