{
    "logs": [
        {
            "outputFile": "C:\\Users\\MAHABHARAT\\Desktop\\Android\\WALLPAPER\\app\\build\\intermediates\\incremental\\mergeReleaseResources\\merged.dir\\values-or\\values-or.xml",
            "map": [
                {
                    "source": "C:\\Users\\MAHABHARAT\\.gradle\\caches\\transforms-1\\files-1.1\\support-compat-28.0.0.aar\\7201e804f5bc9b087427a4d6a2a3ea38\\res\\values-or\\values-or.xml",
                    "from": {
                        "startLines": "2",
                        "startColumns": "4",
                        "startOffsets": "55",
                        "endColumns": "100",
                        "endOffsets": "151"
                    },
                    "to": {
                        "startLines": "38",
                        "startColumns": "4",
                        "startOffsets": "3810",
                        "endColumns": "100",
                        "endOffsets": "3906"
                    }
                },
                {
                    "source": "C:\\Users\\MAHABHARAT\\.gradle\\caches\\transforms-1\\files-1.1\\appcompat-v7-28.0.0.aar\\7cdc28d946ccd9c5d3ffd01dad291cea\\res\\values-or\\values-or.xml",
                    "from": {
                        "startLines": "2,3,4,5,6,7,8,9,10,11,12,13,14,15,16,17,18,19,20,21,22,23,24,25,26,27,28,29",
                        "startColumns": "4,4,4,4,4,4,4,4,4,4,4,4,4,4,4,4,4,4,4,4,4,4,4,4,4,4,4,4",
                        "startOffsets": "105,224,334,441,527,631,751,828,905,996,1089,1186,1281,1382,1475,1570,1666,1757,1847,1929,2039,2144,2250,2361,2464,2582,2745,2847",
                        "endColumns": "118,109,106,85,103,119,76,76,90,92,96,94,100,92,94,95,90,89,81,109,104,105,110,102,117,162,101,88",
                        "endOffsets": "219,329,436,522,626,746,823,900,991,1084,1181,1276,1377,1470,1565,1661,1752,1842,1924,2034,2139,2245,2356,2459,2577,2740,2842,2931"
                    },
                    "to": {
                        "startLines": "2,3,4,5,6,7,8,9,10,11,12,13,14,15,16,17,18,19,20,21,22,23,24,25,26,27,28,37",
                        "startColumns": "4,4,4,4,4,4,4,4,4,4,4,4,4,4,4,4,4,4,4,4,4,4,4,4,4,4,4,4",
                        "startOffsets": "105,224,334,441,527,631,751,828,905,996,1089,1186,1281,1382,1475,1570,1666,1757,1847,1929,2039,2144,2250,2361,2464,2582,2745,3721",
                        "endColumns": "118,109,106,85,103,119,76,76,90,92,96,94,100,92,94,95,90,89,81,109,104,105,110,102,117,162,101,88",
                        "endOffsets": "219,329,436,522,626,746,823,900,991,1084,1181,1276,1377,1470,1565,1661,1752,1842,1924,2034,2139,2245,2356,2459,2577,2740,2842,3805"
                    }
                },
                {
                    "source": "C:\\Users\\MAHABHARAT\\.gradle\\caches\\transforms-1\\files-1.1\\play-services-ads-17.1.1.aar\\70954981208680dc04572d6e68790c4f\\res\\values-or\\values.xml",
                    "from": {
                        "startLines": "4,5,6,7,8,9,10",
                        "startColumns": "0,0,0,0,0,0,0",
                        "startOffsets": "197,272,406,476,553,643,766",
                        "endColumns": "74,133,69,76,89,122,77",
                        "endOffsets": "271,405,475,552,642,765,843"
                    },
                    "to": {
                        "startLines": "30,31,32,33,34,35,36",
                        "startColumns": "4,4,4,4,4,4,4",
                        "startOffsets": "3046,3125,3263,3337,3418,3512,3639",
                        "endColumns": "78,137,73,80,93,126,81",
                        "endOffsets": "3120,3258,3332,3413,3507,3634,3716"
                    }
                },
                {
                    "source": "C:\\Users\\MAHABHARAT\\.gradle\\caches\\transforms-1\\files-1.1\\play-services-basement-16.0.1.aar\\35ca32aae7eaf67f291ffc9a1ff1eb67\\res\\values-or\\values.xml",
                    "from": {
                        "startLines": "4",
                        "startColumns": "0",
                        "startOffsets": "247",
                        "endColumns": "198",
                        "endOffsets": "445"
                    },
                    "to": {
                        "startLines": "29",
                        "startColumns": "4",
                        "startOffsets": "2847",
                        "endColumns": "198",
                        "endOffsets": "3041"
                    }
                }
            ]
        }
    ]
}