{
    "logs": [
        {
            "outputFile": "C:\\Users\\MAHABHARAT\\Desktop\\Android\\WALLPAPER\\app\\build\\intermediates\\incremental\\mergeReleaseResources\\merged.dir\\values-ka\\values-ka.xml",
            "map": [
                {
                    "source": "C:\\Users\\MAHABHARAT\\.gradle\\caches\\transforms-1\\files-1.1\\play-services-basement-16.0.1.aar\\35ca32aae7eaf67f291ffc9a1ff1eb67\\res\\values-ka\\values.xml",
                    "from": {
                        "startLines": "4",
                        "startColumns": "0",
                        "startOffsets": "247",
                        "endColumns": "201",
                        "endOffsets": "448"
                    },
                    "to": {
                        "startLines": "29",
                        "startColumns": "4",
                        "startOffsets": "2818",
                        "endColumns": "201",
                        "endOffsets": "3015"
                    }
                },
                {
                    "source": "C:\\Users\\MAHABHARAT\\.gradle\\caches\\transforms-1\\files-1.1\\appcompat-v7-28.0.0.aar\\7cdc28d946ccd9c5d3ffd01dad291cea\\res\\values-ka\\values-ka.xml",
                    "from": {
                        "startLines": "2,3,4,5,6,7,8,9,10,11,12,13,14,15,16,17,18,19,20,21,22,23,24,25,26,27,28,29",
                        "startColumns": "4,4,4,4,4,4,4,4,4,4,4,4,4,4,4,4,4,4,4,4,4,4,4,4,4,4,4,4",
                        "startOffsets": "105,214,318,429,517,622,735,819,901,992,1085,1180,1276,1377,1470,1565,1659,1750,1841,1924,2037,2144,2242,2355,2459,2563,2720,2818",
                        "endColumns": "108,103,110,87,104,112,83,81,90,92,94,95,100,92,94,93,90,90,82,112,106,97,112,103,103,156,97,80",
                        "endOffsets": "209,313,424,512,617,730,814,896,987,1080,1175,1271,1372,1465,1560,1654,1745,1836,1919,2032,2139,2237,2350,2454,2558,2715,2813,2894"
                    },
                    "to": {
                        "startLines": "2,3,4,5,6,7,8,9,10,11,12,13,14,15,16,17,18,19,20,21,22,23,24,25,26,27,28,37",
                        "startColumns": "4,4,4,4,4,4,4,4,4,4,4,4,4,4,4,4,4,4,4,4,4,4,4,4,4,4,4,4",
                        "startOffsets": "105,214,318,429,517,622,735,819,901,992,1085,1180,1276,1377,1470,1565,1659,1750,1841,1924,2037,2144,2242,2355,2459,2563,2720,3621",
                        "endColumns": "108,103,110,87,104,112,83,81,90,92,94,95,100,92,94,93,90,90,82,112,106,97,112,103,103,156,97,80",
                        "endOffsets": "209,313,424,512,617,730,814,896,987,1080,1175,1271,1372,1465,1560,1654,1745,1836,1919,2032,2139,2237,2350,2454,2558,2715,2813,3697"
                    }
                },
                {
                    "source": "C:\\Users\\MAHABHARAT\\.gradle\\caches\\transforms-1\\files-1.1\\play-services-ads-17.1.1.aar\\70954981208680dc04572d6e68790c4f\\res\\values-ka\\values.xml",
                    "from": {
                        "startLines": "4,5,6,7,8,9,10",
                        "startColumns": "0,0,0,0,0,0,0",
                        "startOffsets": "197,269,376,440,505,589,697",
                        "endColumns": "71,106,63,64,83,107,72",
                        "endOffsets": "268,375,439,504,588,696,769"
                    },
                    "to": {
                        "startLines": "30,31,32,33,34,35,36",
                        "startColumns": "4,4,4,4,4,4,4",
                        "startOffsets": "3020,3096,3207,3275,3344,3432,3544",
                        "endColumns": "75,110,67,68,87,111,76",
                        "endOffsets": "3091,3202,3270,3339,3427,3539,3616"
                    }
                },
                {
                    "source": "C:\\Users\\MAHABHARAT\\.gradle\\caches\\transforms-1\\files-1.1\\support-compat-28.0.0.aar\\7201e804f5bc9b087427a4d6a2a3ea38\\res\\values-ka\\values-ka.xml",
                    "from": {
                        "startLines": "2",
                        "startColumns": "4",
                        "startOffsets": "55",
                        "endColumns": "100",
                        "endOffsets": "151"
                    },
                    "to": {
                        "startLines": "38",
                        "startColumns": "4",
                        "startOffsets": "3702",
                        "endColumns": "100",
                        "endOffsets": "3798"
                    }
                }
            ]
        }
    ]
}