{
    "logs": [
        {
            "outputFile": "C:\\Users\\MAHABHARAT\\Desktop\\Android\\WALLPAPER\\app\\build\\intermediates\\incremental\\mergeReleaseResources\\merged.dir\\values-gu\\values-gu.xml",
            "map": [
                {
                    "source": "C:\\Users\\MAHABHARAT\\.gradle\\caches\\transforms-1\\files-1.1\\play-services-basement-16.0.1.aar\\35ca32aae7eaf67f291ffc9a1ff1eb67\\res\\values-gu\\values.xml",
                    "from": {
                        "startLines": "4",
                        "startColumns": "0",
                        "startOffsets": "247",
                        "endColumns": "205",
                        "endOffsets": "452"
                    },
                    "to": {
                        "startLines": "29",
                        "startColumns": "4",
                        "startOffsets": "2802",
                        "endColumns": "205",
                        "endOffsets": "3003"
                    }
                },
                {
                    "source": "C:\\Users\\MAHABHARAT\\.gradle\\caches\\transforms-1\\files-1.1\\appcompat-v7-28.0.0.aar\\7cdc28d946ccd9c5d3ffd01dad291cea\\res\\values-gu\\values-gu.xml",
                    "from": {
                        "startLines": "2,3,4,5,6,7,8,9,10,11,12,13,14,15,16,17,18,19,20,21,22,23,24,25,26,27,28,29",
                        "startColumns": "4,4,4,4,4,4,4,4,4,4,4,4,4,4,4,4,4,4,4,4,4,4,4,4,4,4,4,4",
                        "startOffsets": "105,214,318,425,512,613,736,813,891,982,1075,1174,1268,1369,1462,1557,1654,1745,1836,1916,2022,2124,2221,2330,2429,2539,2699,2802",
                        "endColumns": "108,103,106,86,100,122,76,77,90,92,98,93,100,92,94,96,90,90,79,105,101,96,108,98,109,159,102,79",
                        "endOffsets": "209,313,420,507,608,731,808,886,977,1070,1169,1263,1364,1457,1552,1649,1740,1831,1911,2017,2119,2216,2325,2424,2534,2694,2797,2877"
                    },
                    "to": {
                        "startLines": "2,3,4,5,6,7,8,9,10,11,12,13,14,15,16,17,18,19,20,21,22,23,24,25,26,27,28,37",
                        "startColumns": "4,4,4,4,4,4,4,4,4,4,4,4,4,4,4,4,4,4,4,4,4,4,4,4,4,4,4,4",
                        "startOffsets": "105,214,318,425,512,613,736,813,891,982,1075,1174,1268,1369,1462,1557,1654,1745,1836,1916,2022,2124,2221,2330,2429,2539,2699,3606",
                        "endColumns": "108,103,106,86,100,122,76,77,90,92,98,93,100,92,94,96,90,90,79,105,101,96,108,98,109,159,102,79",
                        "endOffsets": "209,313,420,507,608,731,808,886,977,1070,1169,1263,1364,1457,1552,1649,1740,1831,1911,2017,2119,2216,2325,2424,2534,2694,2797,3681"
                    }
                },
                {
                    "source": "C:\\Users\\MAHABHARAT\\.gradle\\caches\\transforms-1\\files-1.1\\support-compat-28.0.0.aar\\7201e804f5bc9b087427a4d6a2a3ea38\\res\\values-gu\\values-gu.xml",
                    "from": {
                        "startLines": "2",
                        "startColumns": "4",
                        "startOffsets": "55",
                        "endColumns": "100",
                        "endOffsets": "151"
                    },
                    "to": {
                        "startLines": "38",
                        "startColumns": "4",
                        "startOffsets": "3686",
                        "endColumns": "100",
                        "endOffsets": "3782"
                    }
                },
                {
                    "source": "C:\\Users\\MAHABHARAT\\.gradle\\caches\\transforms-1\\files-1.1\\play-services-ads-17.1.1.aar\\70954981208680dc04572d6e68790c4f\\res\\values-gu\\values.xml",
                    "from": {
                        "startLines": "4,5,6,7,8,9,10",
                        "startColumns": "0,0,0,0,0,0,0",
                        "startOffsets": "197,263,379,445,508,587,692",
                        "endColumns": "65,115,65,62,78,104,74",
                        "endOffsets": "262,378,444,507,586,691,766"
                    },
                    "to": {
                        "startLines": "30,31,32,33,34,35,36",
                        "startColumns": "4,4,4,4,4,4,4",
                        "startOffsets": "3008,3078,3198,3268,3335,3418,3527",
                        "endColumns": "69,119,69,66,82,108,78",
                        "endOffsets": "3073,3193,3263,3330,3413,3522,3601"
                    }
                }
            ]
        }
    ]
}