{
    "logs": [
        {
            "outputFile": "C:\\Users\\MAHABHARAT\\Desktop\\Android\\WALLPAPER\\app\\build\\intermediates\\incremental\\mergeReleaseResources\\merged.dir\\values-zu\\values-zu.xml",
            "map": [
                {
                    "source": "C:\\Users\\MAHABHARAT\\.gradle\\caches\\transforms-1\\files-1.1\\appcompat-v7-28.0.0.aar\\7cdc28d946ccd9c5d3ffd01dad291cea\\res\\values-zu\\values-zu.xml",
                    "from": {
                        "startLines": "2,3,4,5,6,7,8,9,10,11,12,13,14,15,16,17,18,19,20,21,22,23,24,25,26,27,28,29",
                        "startColumns": "4,4,4,4,4,4,4,4,4,4,4,4,4,4,4,4,4,4,4,4,4,4,4,4,4,4,4,4",
                        "startOffsets": "105,213,320,434,522,625,752,832,912,1003,1096,1190,1284,1385,1478,1573,1667,1758,1851,1937,2041,2147,2245,2352,2458,2564,2721,2817",
                        "endColumns": "107,106,113,87,102,126,79,79,90,92,93,93,100,92,94,93,90,92,85,103,105,97,106,105,105,156,95,80",
                        "endOffsets": "208,315,429,517,620,747,827,907,998,1091,1185,1279,1380,1473,1568,1662,1753,1846,1932,2036,2142,2240,2347,2453,2559,2716,2812,2893"
                    },
                    "to": {
                        "startLines": "2,3,4,5,6,7,8,9,10,11,12,13,14,15,16,17,18,19,20,21,22,23,24,25,26,27,28,37",
                        "startColumns": "4,4,4,4,4,4,4,4,4,4,4,4,4,4,4,4,4,4,4,4,4,4,4,4,4,4,4,4",
                        "startOffsets": "105,213,320,434,522,625,752,832,912,1003,1096,1190,1284,1385,1478,1573,1667,1758,1851,1937,2041,2147,2245,2352,2458,2564,2721,3620",
                        "endColumns": "107,106,113,87,102,126,79,79,90,92,93,93,100,92,94,93,90,92,85,103,105,97,106,105,105,156,95,80",
                        "endOffsets": "208,315,429,517,620,747,827,907,998,1091,1185,1279,1380,1473,1568,1662,1753,1846,1932,2036,2142,2240,2347,2453,2559,2716,2812,3696"
                    }
                },
                {
                    "source": "C:\\Users\\MAHABHARAT\\.gradle\\caches\\transforms-1\\files-1.1\\play-services-ads-17.1.1.aar\\70954981208680dc04572d6e68790c4f\\res\\values-zu\\values.xml",
                    "from": {
                        "startLines": "4,5,6,7,8,9,10",
                        "startColumns": "0,0,0,0,0,0,0",
                        "startOffsets": "197,273,390,456,521,602,706",
                        "endColumns": "75,116,65,64,80,103,74",
                        "endOffsets": "272,389,455,520,601,705,780"
                    },
                    "to": {
                        "startLines": "30,31,32,33,34,35,36",
                        "startColumns": "4,4,4,4,4,4,4",
                        "startOffsets": "3008,3088,3209,3279,3348,3433,3541",
                        "endColumns": "79,120,69,68,84,107,78",
                        "endOffsets": "3083,3204,3274,3343,3428,3536,3615"
                    }
                },
                {
                    "source": "C:\\Users\\MAHABHARAT\\.gradle\\caches\\transforms-1\\files-1.1\\support-compat-28.0.0.aar\\7201e804f5bc9b087427a4d6a2a3ea38\\res\\values-zu\\values-zu.xml",
                    "from": {
                        "startLines": "2",
                        "startColumns": "4",
                        "startOffsets": "55",
                        "endColumns": "100",
                        "endOffsets": "151"
                    },
                    "to": {
                        "startLines": "38",
                        "startColumns": "4",
                        "startOffsets": "3701",
                        "endColumns": "100",
                        "endOffsets": "3797"
                    }
                },
                {
                    "source": "C:\\Users\\MAHABHARAT\\.gradle\\caches\\transforms-1\\files-1.1\\play-services-basement-16.0.1.aar\\35ca32aae7eaf67f291ffc9a1ff1eb67\\res\\values-zu\\values.xml",
                    "from": {
                        "startLines": "4",
                        "startColumns": "0",
                        "startOffsets": "247",
                        "endColumns": "190",
                        "endOffsets": "437"
                    },
                    "to": {
                        "startLines": "29",
                        "startColumns": "4",
                        "startOffsets": "2817",
                        "endColumns": "190",
                        "endOffsets": "3003"
                    }
                }
            ]
        }
    ]
}