{
    "logs": [
        {
            "outputFile": "C:\\Users\\MAHABHARAT\\Desktop\\Android\\WALLPAPER\\app\\build\\intermediates\\incremental\\mergeReleaseResources\\merged.dir\\values-et\\values-et.xml",
            "map": [
                {
                    "source": "C:\\Users\\MAHABHARAT\\.gradle\\caches\\transforms-1\\files-1.1\\support-compat-28.0.0.aar\\7201e804f5bc9b087427a4d6a2a3ea38\\res\\values-et\\values-et.xml",
                    "from": {
                        "startLines": "2",
                        "startColumns": "4",
                        "startOffsets": "55",
                        "endColumns": "100",
                        "endOffsets": "151"
                    },
                    "to": {
                        "startLines": "38",
                        "startColumns": "4",
                        "startOffsets": "3730",
                        "endColumns": "100",
                        "endOffsets": "3826"
                    }
                },
                {
                    "source": "C:\\Users\\MAHABHARAT\\.gradle\\caches\\transforms-1\\files-1.1\\play-services-basement-16.0.1.aar\\35ca32aae7eaf67f291ffc9a1ff1eb67\\res\\values-et\\values.xml",
                    "from": {
                        "startLines": "4",
                        "startColumns": "0",
                        "startOffsets": "247",
                        "endColumns": "198",
                        "endOffsets": "445"
                    },
                    "to": {
                        "startLines": "29",
                        "startColumns": "4",
                        "startOffsets": "2860",
                        "endColumns": "198",
                        "endOffsets": "3054"
                    }
                },
                {
                    "source": "C:\\Users\\MAHABHARAT\\.gradle\\caches\\transforms-1\\files-1.1\\play-services-ads-17.1.1.aar\\70954981208680dc04572d6e68790c4f\\res\\values-et\\values.xml",
                    "from": {
                        "startLines": "4,5,6,7,8,9,10",
                        "startColumns": "0,0,0,0,0,0,0",
                        "startOffsets": "197,270,384,448,512,589,689",
                        "endColumns": "72,113,63,63,76,99,68",
                        "endOffsets": "269,383,447,511,588,688,757"
                    },
                    "to": {
                        "startLines": "30,31,32,33,34,35,36",
                        "startColumns": "4,4,4,4,4,4,4",
                        "startOffsets": "3059,3136,3254,3322,3390,3471,3575",
                        "endColumns": "76,117,67,67,80,103,72",
                        "endOffsets": "3131,3249,3317,3385,3466,3570,3643"
                    }
                },
                {
                    "source": "C:\\Users\\MAHABHARAT\\.gradle\\caches\\transforms-1\\files-1.1\\appcompat-v7-28.0.0.aar\\7cdc28d946ccd9c5d3ffd01dad291cea\\res\\values-et\\values-et.xml",
                    "from": {
                        "startLines": "2,3,4,5,6,7,8,9,10,11,12,13,14,15,16,17,18,19,20,21,22,23,24,25,26,27,28,29",
                        "startColumns": "4,4,4,4,4,4,4,4,4,4,4,4,4,4,4,4,4,4,4,4,4,4,4,4,4,4,4,4",
                        "startOffsets": "105,222,329,440,526,628,745,825,903,995,1089,1194,1296,1406,1500,1601,1695,1787,1880,1963,2074,2179,2278,2388,2489,2592,2758,2860",
                        "endColumns": "116,106,110,85,101,116,79,77,91,93,104,101,109,93,100,93,91,92,82,110,104,98,109,100,102,165,101,81",
                        "endOffsets": "217,324,435,521,623,740,820,898,990,1084,1189,1291,1401,1495,1596,1690,1782,1875,1958,2069,2174,2273,2383,2484,2587,2753,2855,2937"
                    },
                    "to": {
                        "startLines": "2,3,4,5,6,7,8,9,10,11,12,13,14,15,16,17,18,19,20,21,22,23,24,25,26,27,28,37",
                        "startColumns": "4,4,4,4,4,4,4,4,4,4,4,4,4,4,4,4,4,4,4,4,4,4,4,4,4,4,4,4",
                        "startOffsets": "105,222,329,440,526,628,745,825,903,995,1089,1194,1296,1406,1500,1601,1695,1787,1880,1963,2074,2179,2278,2388,2489,2592,2758,3648",
                        "endColumns": "116,106,110,85,101,116,79,77,91,93,104,101,109,93,100,93,91,92,82,110,104,98,109,100,102,165,101,81",
                        "endOffsets": "217,324,435,521,623,740,820,898,990,1084,1189,1291,1401,1495,1596,1690,1782,1875,1958,2069,2174,2273,2383,2484,2587,2753,2855,3725"
                    }
                }
            ]
        }
    ]
}