{
    "logs": [
        {
            "outputFile": "C:\\Users\\MAHABHARAT\\Desktop\\Android\\WALLPAPER\\app\\build\\intermediates\\incremental\\mergeReleaseResources\\merged.dir\\values-mr\\values-mr.xml",
            "map": [
                {
                    "source": "C:\\Users\\MAHABHARAT\\.gradle\\caches\\transforms-1\\files-1.1\\play-services-basement-16.0.1.aar\\35ca32aae7eaf67f291ffc9a1ff1eb67\\res\\values-mr\\values.xml",
                    "from": {
                        "startLines": "4",
                        "startColumns": "0",
                        "startOffsets": "247",
                        "endColumns": "201",
                        "endOffsets": "448"
                    },
                    "to": {
                        "startLines": "29",
                        "startColumns": "4",
                        "startOffsets": "2807",
                        "endColumns": "201",
                        "endOffsets": "3004"
                    }
                },
                {
                    "source": "C:\\Users\\MAHABHARAT\\.gradle\\caches\\transforms-1\\files-1.1\\appcompat-v7-28.0.0.aar\\7cdc28d946ccd9c5d3ffd01dad291cea\\res\\values-mr\\values-mr.xml",
                    "from": {
                        "startLines": "2,3,4,5,6,7,8,9,10,11,12,13,14,15,16,17,18,19,20,21,22,23,24,25,26,27,28,29",
                        "startColumns": "4,4,4,4,4,4,4,4,4,4,4,4,4,4,4,4,4,4,4,4,4,4,4,4,4,4,4,4",
                        "startOffsets": "105,216,322,429,519,620,735,812,890,981,1074,1168,1265,1366,1459,1554,1651,1742,1833,1913,2025,2127,2223,2332,2433,2545,2702,2807",
                        "endColumns": "110,105,106,89,100,114,76,77,90,92,93,96,100,92,94,96,90,90,79,111,101,95,108,100,111,156,104,79",
                        "endOffsets": "211,317,424,514,615,730,807,885,976,1069,1163,1260,1361,1454,1549,1646,1737,1828,1908,2020,2122,2218,2327,2428,2540,2697,2802,2882"
                    },
                    "to": {
                        "startLines": "2,3,4,5,6,7,8,9,10,11,12,13,14,15,16,17,18,19,20,21,22,23,24,25,26,27,28,37",
                        "startColumns": "4,4,4,4,4,4,4,4,4,4,4,4,4,4,4,4,4,4,4,4,4,4,4,4,4,4,4,4",
                        "startOffsets": "105,216,322,429,519,620,735,812,890,981,1074,1168,1265,1366,1459,1554,1651,1742,1833,1913,2025,2127,2223,2332,2433,2545,2702,3627",
                        "endColumns": "110,105,106,89,100,114,76,77,90,92,93,96,100,92,94,96,90,90,79,111,101,95,108,100,111,156,104,79",
                        "endOffsets": "211,317,424,514,615,730,807,885,976,1069,1163,1260,1361,1454,1549,1646,1737,1828,1908,2020,2122,2218,2327,2428,2540,2697,2802,3702"
                    }
                },
                {
                    "source": "C:\\Users\\MAHABHARAT\\.gradle\\caches\\transforms-1\\files-1.1\\play-services-ads-17.1.1.aar\\70954981208680dc04572d6e68790c4f\\res\\values-mr\\values.xml",
                    "from": {
                        "startLines": "4,5,6,7,8,9,10",
                        "startColumns": "0,0,0,0,0,0,0",
                        "startOffsets": "197,268,387,453,520,602,716",
                        "endColumns": "70,118,65,66,81,113,70",
                        "endOffsets": "267,386,452,519,601,715,786"
                    },
                    "to": {
                        "startLines": "30,31,32,33,34,35,36",
                        "startColumns": "4,4,4,4,4,4,4",
                        "startOffsets": "3009,3084,3207,3277,3348,3434,3552",
                        "endColumns": "74,122,69,70,85,117,74",
                        "endOffsets": "3079,3202,3272,3343,3429,3547,3622"
                    }
                },
                {
                    "source": "C:\\Users\\MAHABHARAT\\.gradle\\caches\\transforms-1\\files-1.1\\support-compat-28.0.0.aar\\7201e804f5bc9b087427a4d6a2a3ea38\\res\\values-mr\\values-mr.xml",
                    "from": {
                        "startLines": "2",
                        "startColumns": "4",
                        "startOffsets": "55",
                        "endColumns": "100",
                        "endOffsets": "151"
                    },
                    "to": {
                        "startLines": "38",
                        "startColumns": "4",
                        "startOffsets": "3707",
                        "endColumns": "100",
                        "endOffsets": "3803"
                    }
                }
            ]
        }
    ]
}