{
    "logs": [
        {
            "outputFile": "C:\\Users\\MAHABHARAT\\Desktop\\Android\\WALLPAPER\\app\\build\\intermediates\\incremental\\mergeReleaseResources\\merged.dir\\values-uz\\values-uz.xml",
            "map": [
                {
                    "source": "C:\\Users\\MAHABHARAT\\.gradle\\caches\\transforms-1\\files-1.1\\play-services-ads-17.1.1.aar\\70954981208680dc04572d6e68790c4f\\res\\values-uz\\values.xml",
                    "from": {
                        "startLines": "4,5,6,7,8,9,10",
                        "startColumns": "0,0,0,0,0,0,0",
                        "startOffsets": "197,268,383,453,520,602,715",
                        "endColumns": "70,114,69,66,81,112,69",
                        "endOffsets": "267,382,452,519,601,714,784"
                    },
                    "to": {
                        "startLines": "30,31,32,33,34,35,36",
                        "startColumns": "4,4,4,4,4,4,4",
                        "startOffsets": "3014,3089,3208,3282,3353,3439,3556",
                        "endColumns": "74,118,73,70,85,116,73",
                        "endOffsets": "3084,3203,3277,3348,3434,3551,3625"
                    }
                },
                {
                    "source": "C:\\Users\\MAHABHARAT\\.gradle\\caches\\transforms-1\\files-1.1\\play-services-basement-16.0.1.aar\\35ca32aae7eaf67f291ffc9a1ff1eb67\\res\\values-uz\\values.xml",
                    "from": {
                        "startLines": "4",
                        "startColumns": "0",
                        "startOffsets": "247",
                        "endColumns": "208",
                        "endOffsets": "455"
                    },
                    "to": {
                        "startLines": "29",
                        "startColumns": "4",
                        "startOffsets": "2805",
                        "endColumns": "208",
                        "endOffsets": "3009"
                    }
                },
                {
                    "source": "C:\\Users\\MAHABHARAT\\.gradle\\caches\\transforms-1\\files-1.1\\support-compat-28.0.0.aar\\7201e804f5bc9b087427a4d6a2a3ea38\\res\\values-uz\\values-uz.xml",
                    "from": {
                        "startLines": "2",
                        "startColumns": "4",
                        "startOffsets": "55",
                        "endColumns": "100",
                        "endOffsets": "151"
                    },
                    "to": {
                        "startLines": "38",
                        "startColumns": "4",
                        "startOffsets": "3714",
                        "endColumns": "100",
                        "endOffsets": "3810"
                    }
                },
                {
                    "source": "C:\\Users\\MAHABHARAT\\.gradle\\caches\\transforms-1\\files-1.1\\appcompat-v7-28.0.0.aar\\7cdc28d946ccd9c5d3ffd01dad291cea\\res\\values-uz\\values-uz.xml",
                    "from": {
                        "startLines": "2,3,4,5,6,7,8,9,10,11,12,13,14,15,16,17,18,19,20,21,22,23,24,25,26,27,28,29",
                        "startColumns": "4,4,4,4,4,4,4,4,4,4,4,4,4,4,4,4,4,4,4,4,4,4,4,4,4,4,4,4",
                        "startOffsets": "105,210,314,428,514,614,730,810,889,980,1073,1169,1263,1358,1451,1546,1641,1732,1824,1908,2017,2124,2225,2333,2438,2545,2706,2805",
                        "endColumns": "104,103,113,85,99,115,79,78,90,92,95,93,94,92,94,94,90,91,83,108,106,100,107,104,106,160,98,83",
                        "endOffsets": "205,309,423,509,609,725,805,884,975,1068,1164,1258,1353,1446,1541,1636,1727,1819,1903,2012,2119,2220,2328,2433,2540,2701,2800,2884"
                    },
                    "to": {
                        "startLines": "2,3,4,5,6,7,8,9,10,11,12,13,14,15,16,17,18,19,20,21,22,23,24,25,26,27,28,37",
                        "startColumns": "4,4,4,4,4,4,4,4,4,4,4,4,4,4,4,4,4,4,4,4,4,4,4,4,4,4,4,4",
                        "startOffsets": "105,210,314,428,514,614,730,810,889,980,1073,1169,1263,1358,1451,1546,1641,1732,1824,1908,2017,2124,2225,2333,2438,2545,2706,3630",
                        "endColumns": "104,103,113,85,99,115,79,78,90,92,95,93,94,92,94,94,90,91,83,108,106,100,107,104,106,160,98,83",
                        "endOffsets": "205,309,423,509,609,725,805,884,975,1068,1164,1258,1353,1446,1541,1636,1727,1819,1903,2012,2119,2220,2328,2433,2540,2701,2800,3709"
                    }
                }
            ]
        }
    ]
}