{
    "logs": [
        {
            "outputFile": "C:\\Users\\MAHABHARAT\\Desktop\\Android\\WALLPAPER\\app\\build\\intermediates\\incremental\\mergeReleaseResources\\merged.dir\\values-si\\values-si.xml",
            "map": [
                {
                    "source": "C:\\Users\\MAHABHARAT\\.gradle\\caches\\transforms-1\\files-1.1\\appcompat-v7-28.0.0.aar\\7cdc28d946ccd9c5d3ffd01dad291cea\\res\\values-si\\values-si.xml",
                    "from": {
                        "startLines": "2,3,4,5,6,7,8,9,10,11,12,13,14,15,16,17,18,19,20,21,22,23,24,25,26,27,28,29",
                        "startColumns": "4,4,4,4,4,4,4,4,4,4,4,4,4,4,4,4,4,4,4,4,4,4,4,4,4,4,4,4",
                        "startOffsets": "105,215,322,429,517,622,738,827,914,1005,1098,1193,1287,1388,1481,1576,1670,1761,1852,1936,2045,2150,2248,2358,2457,2563,2722,2821",
                        "endColumns": "109,106,106,87,104,115,88,86,90,92,94,93,100,92,94,93,90,90,83,108,104,97,109,98,105,158,98,81",
                        "endOffsets": "210,317,424,512,617,733,822,909,1000,1093,1188,1282,1383,1476,1571,1665,1756,1847,1931,2040,2145,2243,2353,2452,2558,2717,2816,2898"
                    },
                    "to": {
                        "startLines": "2,3,4,5,6,7,8,9,10,11,12,13,14,15,16,17,18,19,20,21,22,23,24,25,26,27,28,37",
                        "startColumns": "4,4,4,4,4,4,4,4,4,4,4,4,4,4,4,4,4,4,4,4,4,4,4,4,4,4,4,4",
                        "startOffsets": "105,215,322,429,517,622,738,827,914,1005,1098,1193,1287,1388,1481,1576,1670,1761,1852,1936,2045,2150,2248,2358,2457,2563,2722,3645",
                        "endColumns": "109,106,106,87,104,115,88,86,90,92,94,93,100,92,94,93,90,90,83,108,104,97,109,98,105,158,98,81",
                        "endOffsets": "210,317,424,512,617,733,822,909,1000,1093,1188,1282,1383,1476,1571,1665,1756,1847,1931,2040,2145,2243,2353,2452,2558,2717,2816,3722"
                    }
                },
                {
                    "source": "C:\\Users\\MAHABHARAT\\.gradle\\caches\\transforms-1\\files-1.1\\play-services-ads-17.1.1.aar\\70954981208680dc04572d6e68790c4f\\res\\values-si\\values.xml",
                    "from": {
                        "startLines": "4,5,6,7,8,9,10",
                        "startColumns": "0,0,0,0,0,0,0",
                        "startOffsets": "197,267,385,451,526,608,717",
                        "endColumns": "69,117,65,74,81,108,77",
                        "endOffsets": "266,384,450,525,607,716,794"
                    },
                    "to": {
                        "startLines": "30,31,32,33,34,35,36",
                        "startColumns": "4,4,4,4,4,4,4",
                        "startOffsets": "3019,3093,3215,3285,3364,3450,3563",
                        "endColumns": "73,121,69,78,85,112,81",
                        "endOffsets": "3088,3210,3280,3359,3445,3558,3640"
                    }
                },
                {
                    "source": "C:\\Users\\MAHABHARAT\\.gradle\\caches\\transforms-1\\files-1.1\\play-services-basement-16.0.1.aar\\35ca32aae7eaf67f291ffc9a1ff1eb67\\res\\values-si\\values.xml",
                    "from": {
                        "startLines": "4",
                        "startColumns": "0",
                        "startOffsets": "247",
                        "endColumns": "197",
                        "endOffsets": "444"
                    },
                    "to": {
                        "startLines": "29",
                        "startColumns": "4",
                        "startOffsets": "2821",
                        "endColumns": "197",
                        "endOffsets": "3014"
                    }
                },
                {
                    "source": "C:\\Users\\MAHABHARAT\\.gradle\\caches\\transforms-1\\files-1.1\\support-compat-28.0.0.aar\\7201e804f5bc9b087427a4d6a2a3ea38\\res\\values-si\\values-si.xml",
                    "from": {
                        "startLines": "2",
                        "startColumns": "4",
                        "startOffsets": "55",
                        "endColumns": "100",
                        "endOffsets": "151"
                    },
                    "to": {
                        "startLines": "38",
                        "startColumns": "4",
                        "startOffsets": "3727",
                        "endColumns": "100",
                        "endOffsets": "3823"
                    }
                }
            ]
        }
    ]
}